{
  "type": "FeatureCollection",
  "generated_at": "2026-10-09T13:51:11.807177+00:00",
  "features": [
    {
      "type": "Feature",
      "geometry": {
        "type": "Point",
        "coordinates": [
          -122.2481,
          47.386795
        ]
      },
      "properties": {
        "alert_id": "1_96183",
        "stop_id": "50712",
        "stop_name": "W James St & Washington Ave N",
        "alert_type": "Stop Closure",
        "status": "ongoing",
        "header": "Stop #50712 W James St & Washington Ave N (WB) closed from Mon Oct 5 to Mon Oct 12 7:00 AM to 4:00 PM daily due to construction.",
        "description": "Affected routes:\r\n150\r\n183\r\n\nGet on/off at:\r\nFor Route 150 to Downtown Seattle: \r\nTemporary stop on W James St & Adams Ave (WB)\r\nStop #50774 64th Ave S & W James St (NB)\r\n\nFor Route 183 to Federal Way TC:\r\nTemporary stop on W James St & Adams Ave (WB)\r\nStop #50717 64th Ave S & W James St (SB)",
        "url": "https://tripplanner.kingcounty.gov/#/app/nextdepartures/stoproutes/8218"
      }
    },
    {
      "type": "Feature",
      "geometry": {
        "type": "Point",
        "coordinates": [
          -122.2481,
          47.386795
        ]
      },
      "properties": {
        "alert_id": "1_96183",
        "stop_id": "50712",
        "stop_name": "W James St & Washington Ave N",
        "alert_type": "Stop Closure",
        "status": "ongoing",
        "header": "Stop #50712 W James St & Washington Ave N (WB) closed from Mon Oct 5 to Mon Oct 12 7:00 AM to 4:00 PM daily due to construction.",
        "description": "Affected routes:\r\n150\r\n183\r\n\nGet on/off at:\r\nFor Route 150 to Downtown Seattle: \r\nTemporary stop on W James St & Adams Ave (WB)\r\nStop #50774 64th Ave S & W James St (NB)\r\n\nFor Route 183 to Federal Way TC:\r\nTemporary stop on W James St & Adams Ave (WB)\r\nStop #50717 64th Ave S & W James St (SB)",
        "url": "https://tripplanner.kingcounty.gov/#/app/nextdepartures/stoproutes/8218"
      }
    },
    {
      "type": "Feature",
      "geometry": {
        "type": "Point",
        "coordinates": [
          -122.221436,
          47.3267365
        ]
      },
      "properties": {
        "alert_id": "1_96180",
        "stop_id": "57900",
        "stop_name": "Auburn Way N & 22nd St NE",
        "alert_type": "Stop Relocation",
        "status": "ongoing",
        "header": "Stop #58270 Auburn Way N & 22nd St NE (SB) and Stop #57900 Auburn Way N & 22nd St NE (NB) relocated from Mon Oct 5 to Thu Dec 10 due to bus stop maintenance work.",
        "description": "Affected routes:\r\n160\r\n\nFor Route 160 to Auburn Station get on/off at:\r\nThe temporary stop on 104th Ave SE just south of the closed stop (SB)\r\n\nFor Route 160 to Renton get on/off at:\r\nThe temporary stop on 104th Ave SE just north of the closed stop (NB)",
        "url": "https://tripplanner.kingcounty.gov/#/app/nextdepartures/routeheadway/full/160/N/"
      }
    },
    {
      "type": "Feature",
      "geometry": {
        "type": "Point",
        "coordinates": [
          -122.221626,
          47.3261719
        ]
      },
      "properties": {
        "alert_id": "1_96180",
        "stop_id": "58270",
        "stop_name": "Auburn Way N & 22nd St NE",
        "alert_type": "Stop Relocation",
        "status": "ongoing",
        "header": "Stop #58270 Auburn Way N & 22nd St NE (SB) and Stop #57900 Auburn Way N & 22nd St NE (NB) relocated from Mon Oct 5 to Thu Dec 10 due to bus stop maintenance work.",
        "description": "Affected routes:\r\n160\r\n\nFor Route 160 to Auburn Station get on/off at:\r\nThe temporary stop on 104th Ave SE just south of the closed stop (SB)\r\n\nFor Route 160 to Renton get on/off at:\r\nThe temporary stop on 104th Ave SE just north of the closed stop (NB)",
        "url": "https://tripplanner.kingcounty.gov/#/app/nextdepartures/routeheadway/full/160/N/"
      }
    },
    {
      "type": "Feature",
      "geometry": {
        "type": "Point",
        "coordinates": [
          -122.295776,
          47.7193527
        ]
      },
      "properties": {
        "alert_id": "1_92654",
        "stop_id": "35230",
        "stop_name": "NE 125th St & Lake City Way NE",
        "alert_type": "Stop Relocation",
        "status": "ongoing",
        "header": "Stop #35230 NE 125th St & Lake City Way NE (WB) relocated until further notice due to construction.",
        "description": "Affected routes:\r\n65\r\n75\r\n\nGet on/off at: \r\nFor Route 65 to Shoreline South 148th St Station:\r\nStop #10870 NE 125th St & 33rd Ave NE (WB)\r\nThe temporary stop on 30th Ave NE, just north of NE 125th St (NB)\r\n\nFor Route 75 to Northgate:\r\nStop #10870 NE 125th St & 33rd Ave NE (WB)\r\nStop #35231 NE 125th St & 28th Ave NE (WB)",
        "url": "https://tripplanner.kingcounty.gov/#/app/nextdepartures/stoproutes/3738"
      }
    },
    {
      "type": "Feature",
      "geometry": {
        "type": "Point",
        "coordinates": [
          -122.295776,
          47.7193527
        ]
      },
      "properties": {
        "alert_id": "1_92654",
        "stop_id": "35230",
        "stop_name": "NE 125th St & Lake City Way NE",
        "alert_type": "Stop Relocation",
        "status": "ongoing",
        "header": "Stop #35230 NE 125th St & Lake City Way NE (WB) relocated until further notice due to construction.",
        "description": "Affected routes:\r\n65\r\n75\r\n\nGet on/off at: \r\nFor Route 65 to Shoreline South 148th St Station:\r\nStop #10870 NE 125th St & 33rd Ave NE (WB)\r\nThe temporary stop on 30th Ave NE, just north of NE 125th St (NB)\r\n\nFor Route 75 to Northgate:\r\nStop #10870 NE 125th St & 33rd Ave NE (WB)\r\nStop #35231 NE 125th St & 28th Ave NE (WB)",
        "url": "https://tripplanner.kingcounty.gov/#/app/nextdepartures/stoproutes/3738"
      }
    },
    {
      "type": "Feature",
      "geometry": {
        "type": "Point",
        "coordinates": [
          -122.248878,
          47.4973106
        ]
      },
      "properties": {
        "alert_id": "1_91686",
        "stop_id": "55378",
        "stop_name": "68th Ave S & S 118th St",
        "alert_type": "Stop Relocation",
        "status": "ongoing",
        "header": "Stop #55371 68th Ave S & S 118th St (SB) and Stop #55378 68th Ave S & S 118th St (NB) relocated from Mon Jul 20 through Mon Oct 26.",
        "description": "Affected routes:\r\n107\r\n\nFor Route 107 to Beacon Hill Station get on/off at:\r\nThe temporary stop on 68th Ave S just south of the affected stop (SB)\r\n\nFor Route 107 to Renton TC get on/off at:\r\nStop #55372 Beacon Ave S & 62nd Ave S (SB)\r\nStop #56374 Renton Ave S & 72nd Ave S (EB)",
        "url": "https://tripplanner.kingcounty.gov/#/app/nextdepartures/routeheadway/full/107/N"
      }
    },
    {
      "type": "Feature",
      "geometry": {
        "type": "Point",
        "coordinates": [
          -122.249084,
          47.4972382
        ]
      },
      "properties": {
        "alert_id": "1_91686",
        "stop_id": "55371",
        "stop_name": "68th Ave S & S 118th St",
        "alert_type": "Stop Relocation",
        "status": "ongoing",
        "header": "Stop #55371 68th Ave S & S 118th St (SB) and Stop #55378 68th Ave S & S 118th St (NB) relocated from Mon Jul 20 through Mon Oct 26.",
        "description": "Affected routes:\r\n107\r\n\nFor Route 107 to Beacon Hill Station get on/off at:\r\nThe temporary stop on 68th Ave S just south of the affected stop (SB)\r\n\nFor Route 107 to Renton TC get on/off at:\r\nStop #55372 Beacon Ave S & 62nd Ave S (SB)\r\nStop #56374 Renton Ave S & 72nd Ave S (EB)",
        "url": "https://tripplanner.kingcounty.gov/#/app/nextdepartures/routeheadway/full/107/N"
      }
    },
    {
      "type": "Feature",
      "geometry": {
        "type": "Point",
        "coordinates": [
          -122.249161,
          47.4936752
        ]
      },
      "properties": {
        "alert_id": "1_91687",
        "stop_id": "55373",
        "stop_name": "68th Ave S & S 122nd St",
        "alert_type": "Stop Relocation",
        "status": "ongoing",
        "header": "Stop #55373 68th Ave S & S 122nd St (SB) and Stop #55376 68th Ave S & S 122nd St (NB) relocated from Mon Jul 20 through Mon Oct 26 due to construction.",
        "description": "Affected routes:\r\n107\r\n\nFor Route 107 to Beacon Hill Station get on/off at:\r\nThe temporary stop on 68th Ave S just south of the affected stop (SB)\r\n\nFor Route 107 to Renton TC get on/off at:\r\nStop #55372 Beacon Ave S & 62nd Ave S (SB)\r\nStop #56374 Renton Ave S & 72nd Ave S (EB)",
        "url": "https://tripplanner.kingcounty.gov/#/app/nextdepartures/routeheadway/full/107/N"
      }
    },
    {
      "type": "Feature",
      "geometry": {
        "type": "Point",
        "coordinates": [
          -122.248947,
          47.4939957
        ]
      },
      "properties": {
        "alert_id": "1_91687",
        "stop_id": "55376",
        "stop_name": "68th Ave S & S 122nd St",
        "alert_type": "Stop Relocation",
        "status": "ongoing",
        "header": "Stop #55373 68th Ave S & S 122nd St (SB) and Stop #55376 68th Ave S & S 122nd St (NB) relocated from Mon Jul 20 through Mon Oct 26 due to construction.",
        "description": "Affected routes:\r\n107\r\n\nFor Route 107 to Beacon Hill Station get on/off at:\r\nThe temporary stop on 68th Ave S just south of the affected stop (SB)\r\n\nFor Route 107 to Renton TC get on/off at:\r\nStop #55372 Beacon Ave S & 62nd Ave S (SB)\r\nStop #56374 Renton Ave S & 72nd Ave S (EB)",
        "url": "https://tripplanner.kingcounty.gov/#/app/nextdepartures/routeheadway/full/107/N"
      }
    },
    {
      "type": "Feature",
      "geometry": {
        "type": "Point",
        "coordinates": [
          -122.248932,
          47.497879
        ]
      },
      "properties": {
        "alert_id": "1_91685",
        "stop_id": "56373",
        "stop_name": "Renton Ave S & 68th Ave S",
        "alert_type": "Stop Relocation",
        "status": "ongoing",
        "header": "Stop #56373 Renton Ave S & 68th Ave S (SB) relocated from Mon Jul 20 through Mon Oct 26 due to construction.",
        "description": "Affected routes:\r\n106\r\n\nGet on/off at:\r\nThe temporary stop on Renton Ave S just north of the affected stop (SB)",
        "url": "https://tripplanner.kingcounty.gov/#/app/nextdepartures/routeheadway/full/106/S"
      }
    },
    {
      "type": "Feature",
      "geometry": {
        "type": "Point",
        "coordinates": [
          -122.251419,
          47.4920197
        ]
      },
      "properties": {
        "alert_id": "1_91688",
        "stop_id": "55374",
        "stop_name": "S 124th St & 67th Ave S",
        "alert_type": "Stop Relocation",
        "status": "ongoing",
        "header": "Stop #55375 S 124th St & 67th Ave S (WB) and Stop #55374 S 124th St & 67th Ave S (EB) relocated from Mon Jul 20 through Mon Oct 26 due to construction.",
        "description": "Affected routes:\r\n107\r\n\nFor Route 107 to Beacon Hill Station get on/off at:\r\nThe temporary stop on S 124th St just east of the affected stop (EB)\r\n\nFor Route 107 to Renton TC get on/off at:\r\nThe temporary stop on S 124th St just east of the affected stop (WB)",
        "url": "https://tripplanner.kingcounty.gov/#/app/nextdepartures/routeheadway/full/107/N"
      }
    },
    {
      "type": "Feature",
      "geometry": {
        "type": "Point",
        "coordinates": [
          -122.252289,
          47.4921532
        ]
      },
      "properties": {
        "alert_id": "1_91688",
        "stop_id": "55375",
        "stop_name": "S 124th St & 67th Ave S",
        "alert_type": "Stop Relocation",
        "status": "ongoing",
        "header": "Stop #55375 S 124th St & 67th Ave S (WB) and Stop #55374 S 124th St & 67th Ave S (EB) relocated from Mon Jul 20 through Mon Oct 26 due to construction.",
        "description": "Affected routes:\r\n107\r\n\nFor Route 107 to Beacon Hill Station get on/off at:\r\nThe temporary stop on S 124th St just east of the affected stop (EB)\r\n\nFor Route 107 to Renton TC get on/off at:\r\nThe temporary stop on S 124th St just east of the affected stop (WB)",
        "url": "https://tripplanner.kingcounty.gov/#/app/nextdepartures/routeheadway/full/107/N"
      }
    },
    {
      "type": "Feature",
      "geometry": {
        "type": "Point",
        "coordinates": [
          -122.248703,
          47.7581787
        ]
      },
      "properties": {
        "alert_id": "1_93860",
        "stop_id": "76870",
        "stop_name": "NE Bothell Way & 68th Ave NE",
        "alert_type": "Stop Relocation",
        "status": "ongoing",
        "header": "Stop #76870 NE Bothell Way & 68th Ave NE (EB) and Stop #76880 NE Bothell Way & 73rd Ave NE (EB) relocated from Wed Apr 22, 2026 through Thu April 22, 2027 due to construction.",
        "description": "Affected routes:\r\n322\r\n331\r\n981\r\nST 522\r\n\nGet on/off:\r\nRoutes 331 to UW Bothell, 981 to Mercer Island and ST 522 to Woodinville:\r\nThe temporary stop on NE Bothell Way, just east of the regular stop (EB)\r\n\nRoute 322 to Kenmore P&R:\r\nStop #70022 68th Ave Ne & Ne Bothell Way (NB)\r\nStop #76376 Kenmore Park & Ride & 73rd Ave Ne (EB)\r\n",
        "url": "https://tripplanner.kingcounty.gov/#/app/tripplanning"
      }
    },
    {
      "type": "Feature",
      "geometry": {
        "type": "Point",
        "coordinates": [
          -122.248703,
          47.7581787
        ]
      },
      "properties": {
        "alert_id": "1_93860",
        "stop_id": "76870",
        "stop_name": "NE Bothell Way & 68th Ave NE",
        "alert_type": "Stop Relocation",
        "status": "ongoing",
        "header": "Stop #76870 NE Bothell Way & 68th Ave NE (EB) and Stop #76880 NE Bothell Way & 73rd Ave NE (EB) relocated from Wed Apr 22, 2026 through Thu April 22, 2027 due to construction.",
        "description": "Affected routes:\r\n322\r\n331\r\n981\r\nST 522\r\n\nGet on/off:\r\nRoutes 331 to UW Bothell, 981 to Mercer Island and ST 522 to Woodinville:\r\nThe temporary stop on NE Bothell Way, just east of the regular stop (EB)\r\n\nRoute 322 to Kenmore P&R:\r\nStop #70022 68th Ave Ne & Ne Bothell Way (NB)\r\nStop #76376 Kenmore Park & Ride & 73rd Ave Ne (EB)\r\n",
        "url": "https://tripplanner.kingcounty.gov/#/app/tripplanning"
      }
    },
    {
      "type": "Feature",
      "geometry": {
        "type": "Point",
        "coordinates": [
          -122.248703,
          47.7581787
        ]
      },
      "properties": {
        "alert_id": "1_93860",
        "stop_id": "76870",
        "stop_name": "NE Bothell Way & 68th Ave NE",
        "alert_type": "Stop Relocation",
        "status": "ongoing",
        "header": "Stop #76870 NE Bothell Way & 68th Ave NE (EB) and Stop #76880 NE Bothell Way & 73rd Ave NE (EB) relocated from Wed Apr 22, 2026 through Thu April 22, 2027 due to construction.",
        "description": "Affected routes:\r\n322\r\n331\r\n981\r\nST 522\r\n\nGet on/off:\r\nRoutes 331 to UW Bothell, 981 to Mercer Island and ST 522 to Woodinville:\r\nThe temporary stop on NE Bothell Way, just east of the regular stop (EB)\r\n\nRoute 322 to Kenmore P&R:\r\nStop #70022 68th Ave Ne & Ne Bothell Way (NB)\r\nStop #76376 Kenmore Park & Ride & 73rd Ave Ne (EB)\r\n",
        "url": "https://tripplanner.kingcounty.gov/#/app/tripplanning"
      }
    },
    {
      "type": "Feature",
      "geometry": {
        "type": "Point",
        "coordinates": [
          -122.248703,
          47.7581787
        ]
      },
      "properties": {
        "alert_id": "1_93860",
        "stop_id": "76870",
        "stop_name": "NE Bothell Way & 68th Ave NE",
        "alert_type": "Stop Relocation",
        "status": "ongoing",
        "header": "Stop #76870 NE Bothell Way & 68th Ave NE (EB) and Stop #76880 NE Bothell Way & 73rd Ave NE (EB) relocated from Wed Apr 22, 2026 through Thu April 22, 2027 due to construction.",
        "description": "Affected routes:\r\n322\r\n331\r\n981\r\nST 522\r\n\nGet on/off:\r\nRoutes 331 to UW Bothell, 981 to Mercer Island and ST 522 to Woodinville:\r\nThe temporary stop on NE Bothell Way, just east of the regular stop (EB)\r\n\nRoute 322 to Kenmore P&R:\r\nStop #70022 68th Ave Ne & Ne Bothell Way (NB)\r\nStop #76376 Kenmore Park & Ride & 73rd Ave Ne (EB)\r\n",
        "url": "https://tripplanner.kingcounty.gov/#/app/tripplanning"
      }
    },
    {
      "type": "Feature",
      "geometry": {
        "type": "Point",
        "coordinates": [
          -122.242851,
          47.7572136
        ]
      },
      "properties": {
        "alert_id": "1_93860",
        "stop_id": "76880",
        "stop_name": "NE Bothell Way & 73rd Ave NE",
        "alert_type": "Stop Relocation",
        "status": "ongoing",
        "header": "Stop #76870 NE Bothell Way & 68th Ave NE (EB) and Stop #76880 NE Bothell Way & 73rd Ave NE (EB) relocated from Wed Apr 22, 2026 through Thu April 22, 2027 due to construction.",
        "description": "Affected routes:\r\n322\r\n331\r\n981\r\nST 522\r\n\nGet on/off:\r\nRoutes 331 to UW Bothell, 981 to Mercer Island and ST 522 to Woodinville:\r\nThe temporary stop on NE Bothell Way, just east of the regular stop (EB)\r\n\nRoute 322 to Kenmore P&R:\r\nStop #70022 68th Ave Ne & Ne Bothell Way (NB)\r\nStop #76376 Kenmore Park & Ride & 73rd Ave Ne (EB)\r\n",
        "url": "https://tripplanner.kingcounty.gov/#/app/tripplanning"
      }
    },
    {
      "type": "Feature",
      "geometry": {
        "type": "Point",
        "coordinates": [
          -122.242851,
          47.7572136
        ]
      },
      "properties": {
        "alert_id": "1_93860",
        "stop_id": "76880",
        "stop_name": "NE Bothell Way & 73rd Ave NE",
        "alert_type": "Stop Relocation",
        "status": "ongoing",
        "header": "Stop #76870 NE Bothell Way & 68th Ave NE (EB) and Stop #76880 NE Bothell Way & 73rd Ave NE (EB) relocated from Wed Apr 22, 2026 through Thu April 22, 2027 due to construction.",
        "description": "Affected routes:\r\n322\r\n331\r\n981\r\nST 522\r\n\nGet on/off:\r\nRoutes 331 to UW Bothell, 981 to Mercer Island and ST 522 to Woodinville:\r\nThe temporary stop on NE Bothell Way, just east of the regular stop (EB)\r\n\nRoute 322 to Kenmore P&R:\r\nStop #70022 68th Ave Ne & Ne Bothell Way (NB)\r\nStop #76376 Kenmore Park & Ride & 73rd Ave Ne (EB)\r\n",
        "url": "https://tripplanner.kingcounty.gov/#/app/tripplanning"
      }
    },
    {
      "type": "Feature",
      "geometry": {
        "type": "Point",
        "coordinates": [
          -122.253082,
          47.3811874
        ]
      },
      "properties": {
        "alert_id": "1_96451",
        "stop_id": "50740",
        "stop_name": "W Meeker St & 64th Ave S",
        "alert_type": "Route Change",
        "status": "ongoing",
        "header": "DART 914 is rerouted and will not serve Access Rd Loop until Fri Oct 9 due to construction.",
        "description": "Affected stops:\r\nStop #57178 64th Ave S & Tri Court Senior Living Apt. Access Rd (NB),\r\nStop #57177 Access Rd & 64th Ave S (WB)\r\nStop #50740 W Meeker St & 64th Ave S (EB)\r\n\nGet on/off at:\r\nStop #50772 64th Ave S & W Meeker St (NB)\r\nStop #50741 W Meeker St & Washington Ave S (EB)",
        "url": "https://tripplanner.kingcounty.gov/#/app/nextdepartures/routeheadway/full/914/E/"
      }
    },
    {
      "type": "Feature",
      "geometry": {
        "type": "Point",
        "coordinates": [
          -122.253334,
          47.3822632
        ]
      },
      "properties": {
        "alert_id": "1_96451",
        "stop_id": "57177",
        "stop_name": "Access Rd & 64th Ave S",
        "alert_type": "Route Change",
        "status": "ongoing",
        "header": "DART 914 is rerouted and will not serve Access Rd Loop until Fri Oct 9 due to construction.",
        "description": "Affected stops:\r\nStop #57178 64th Ave S & Tri Court Senior Living Apt. Access Rd (NB),\r\nStop #57177 Access Rd & 64th Ave S (WB)\r\nStop #50740 W Meeker St & 64th Ave S (EB)\r\n\nGet on/off at:\r\nStop #50772 64th Ave S & W Meeker St (NB)\r\nStop #50741 W Meeker St & Washington Ave S (EB)",
        "url": "https://tripplanner.kingcounty.gov/#/app/nextdepartures/routeheadway/full/914/E/"
      }
    },
    {
      "type": "Feature",
      "geometry": {
        "type": "Point",
        "coordinates": [
          -122.252907,
          47.3820534
        ]
      },
      "properties": {
        "alert_id": "1_96451",
        "stop_id": "57178",
        "stop_name": "64th Ave S & Access Road",
        "alert_type": "Route Change",
        "status": "ongoing",
        "header": "DART 914 is rerouted and will not serve Access Rd Loop until Fri Oct 9 due to construction.",
        "description": "Affected stops:\r\nStop #57178 64th Ave S & Tri Court Senior Living Apt. Access Rd (NB),\r\nStop #57177 Access Rd & 64th Ave S (WB)\r\nStop #50740 W Meeker St & 64th Ave S (EB)\r\n\nGet on/off at:\r\nStop #50772 64th Ave S & W Meeker St (NB)\r\nStop #50741 W Meeker St & Washington Ave S (EB)",
        "url": "https://tripplanner.kingcounty.gov/#/app/nextdepartures/routeheadway/full/914/E/"
      }
    },
    {
      "type": "Feature",
      "geometry": {
        "type": "Point",
        "coordinates": [
          -122.338951,
          47.6111374
        ]
      },
      "properties": {
        "alert_id": "1_96292",
        "stop_id": "590",
        "stop_name": "3rd Ave & Pine St",
        "alert_type": "Route Change",
        "status": "upcoming",
        "header": "Routes 40 and 62 will be rerouted in the Downtown Seatle area from 7:30 AM to 1:00 PM on Sat Oct 10 due to the Puget Sound Heart & Stroke Walk.",
        "description": "Affected stops:\r\nStop #600 3rd Ave & Virginia St (NB)\r\nStop #420 3rd Ave & Virginia St (SB)\r\nStop #430 3rd Ave & Pine St (SB)\r\nStop #450 3rd Ave & Union St (SB)\r\nStop #480 3rd Ave & Marion St (SB)\r\nStop #500 3rd Ave & James St (SB)\r\nStop #515 3rd Ave S & S Main St (SB)\r\nStop #570 3rd Ave & Union St (NB)\r\nStop #590 3rd Ave & Pine St (NB)\r\nStop #18440 Blanchard St & 6th Ave (EB)\r\nStop #510 S Washington St & 3rd Ave S (WB)\r\n\nGet on/off at:\r\nFor Routes 40 to Northgate and 62 to Sand Point:\r\nStop #548 3rd Ave & Madison St (NB)\r\nThe temporary stop on 6th Ave, just south of Union St (SB)\r\nThe temporary stop on 6th Ave, just south of Pine St (SB)\r\nThe temporary stop on 6th Ave, just south of Westlake Ave (SB)\r\n\nFor Routes 40 and 62 to Downtown Seattle:\r\nStop #760 5th Ave & Pine St (SB)\r\nStop #790 5th Ave & Seneca St (SB)\r\nStop #810 5th Ave & Marion St (SB)\r\nStop #820 5th Ave & Jefferson St (SB)",
        "url": "https://tripplanner.kingcounty.gov/#/app/nextdepartures"
      }
    },
    {
      "type": "Feature",
      "geometry": {
        "type": "Point",
        "coordinates": [
          -122.341743,
          47.6129951
        ]
      },
      "properties": {
        "alert_id": "1_96292",
        "stop_id": "600",
        "stop_name": "3rd Ave & Virginia St",
        "alert_type": "Route Change",
        "status": "upcoming",
        "header": "Routes 40 and 62 will be rerouted in the Downtown Seatle area from 7:30 AM to 1:00 PM on Sat Oct 10 due to the Puget Sound Heart & Stroke Walk.",
        "description": "Affected stops:\r\nStop #600 3rd Ave & Virginia St (NB)\r\nStop #420 3rd Ave & Virginia St (SB)\r\nStop #430 3rd Ave & Pine St (SB)\r\nStop #450 3rd Ave & Union St (SB)\r\nStop #480 3rd Ave & Marion St (SB)\r\nStop #500 3rd Ave & James St (SB)\r\nStop #515 3rd Ave S & S Main St (SB)\r\nStop #570 3rd Ave & Union St (NB)\r\nStop #590 3rd Ave & Pine St (NB)\r\nStop #18440 Blanchard St & 6th Ave (EB)\r\nStop #510 S Washington St & 3rd Ave S (WB)\r\n\nGet on/off at:\r\nFor Routes 40 to Northgate and 62 to Sand Point:\r\nStop #548 3rd Ave & Madison St (NB)\r\nThe temporary stop on 6th Ave, just south of Union St (SB)\r\nThe temporary stop on 6th Ave, just south of Pine St (SB)\r\nThe temporary stop on 6th Ave, just south of Westlake Ave (SB)\r\n\nFor Routes 40 and 62 to Downtown Seattle:\r\nStop #760 5th Ave & Pine St (SB)\r\nStop #790 5th Ave & Seneca St (SB)\r\nStop #810 5th Ave & Marion St (SB)\r\nStop #820 5th Ave & Jefferson St (SB)",
        "url": "https://tripplanner.kingcounty.gov/#/app/nextdepartures"
      }
    },
    {
      "type": "Feature",
      "geometry": {
        "type": "Point",
        "coordinates": [
          -122.333572,
          47.6049957
        ]
      },
      "properties": {
        "alert_id": "1_96292",
        "stop_id": "480",
        "stop_name": "3rd Ave & Marion St",
        "alert_type": "Route Change",
        "status": "upcoming",
        "header": "Routes 40 and 62 will be rerouted in the Downtown Seatle area from 7:30 AM to 1:00 PM on Sat Oct 10 due to the Puget Sound Heart & Stroke Walk.",
        "description": "Affected stops:\r\nStop #600 3rd Ave & Virginia St (NB)\r\nStop #420 3rd Ave & Virginia St (SB)\r\nStop #430 3rd Ave & Pine St (SB)\r\nStop #450 3rd Ave & Union St (SB)\r\nStop #480 3rd Ave & Marion St (SB)\r\nStop #500 3rd Ave & James St (SB)\r\nStop #515 3rd Ave S & S Main St (SB)\r\nStop #570 3rd Ave & Union St (NB)\r\nStop #590 3rd Ave & Pine St (NB)\r\nStop #18440 Blanchard St & 6th Ave (EB)\r\nStop #510 S Washington St & 3rd Ave S (WB)\r\n\nGet on/off at:\r\nFor Routes 40 to Northgate and 62 to Sand Point:\r\nStop #548 3rd Ave & Madison St (NB)\r\nThe temporary stop on 6th Ave, just south of Union St (SB)\r\nThe temporary stop on 6th Ave, just south of Pine St (SB)\r\nThe temporary stop on 6th Ave, just south of Westlake Ave (SB)\r\n\nFor Routes 40 and 62 to Downtown Seattle:\r\nStop #760 5th Ave & Pine St (SB)\r\nStop #790 5th Ave & Seneca St (SB)\r\nStop #810 5th Ave & Marion St (SB)\r\nStop #820 5th Ave & Jefferson St (SB)",
        "url": "https://tripplanner.kingcounty.gov/#/app/nextdepartures"
      }
    },
    {
      "type": "Feature",
      "geometry": {
        "type": "Point",
        "coordinates": [
          -122.336548,
          47.6082535
        ]
      },
      "properties": {
        "alert_id": "1_96292",
        "stop_id": "450",
        "stop_name": "3rd Ave & Union St",
        "alert_type": "Route Change",
        "status": "upcoming",
        "header": "Routes 40 and 62 will be rerouted in the Downtown Seatle area from 7:30 AM to 1:00 PM on Sat Oct 10 due to the Puget Sound Heart & Stroke Walk.",
        "description": "Affected stops:\r\nStop #600 3rd Ave & Virginia St (NB)\r\nStop #420 3rd Ave & Virginia St (SB)\r\nStop #430 3rd Ave & Pine St (SB)\r\nStop #450 3rd Ave & Union St (SB)\r\nStop #480 3rd Ave & Marion St (SB)\r\nStop #500 3rd Ave & James St (SB)\r\nStop #515 3rd Ave S & S Main St (SB)\r\nStop #570 3rd Ave & Union St (NB)\r\nStop #590 3rd Ave & Pine St (NB)\r\nStop #18440 Blanchard St & 6th Ave (EB)\r\nStop #510 S Washington St & 3rd Ave S (WB)\r\n\nGet on/off at:\r\nFor Routes 40 to Northgate and 62 to Sand Point:\r\nStop #548 3rd Ave & Madison St (NB)\r\nThe temporary stop on 6th Ave, just south of Union St (SB)\r\nThe temporary stop on 6th Ave, just south of Pine St (SB)\r\nThe temporary stop on 6th Ave, just south of Westlake Ave (SB)\r\n\nFor Routes 40 and 62 to Downtown Seattle:\r\nStop #760 5th Ave & Pine St (SB)\r\nStop #790 5th Ave & Seneca St (SB)\r\nStop #810 5th Ave & Marion St (SB)\r\nStop #820 5th Ave & Jefferson St (SB)",
        "url": "https://tripplanner.kingcounty.gov/#/app/nextdepartures"
      }
    },
    {
      "type": "Feature",
      "geometry": {
        "type": "Point",
        "coordinates": [
          -122.333572,
          47.6049957
        ]
      },
      "properties": {
        "alert_id": "1_96292",
        "stop_id": "480",
        "stop_name": "3rd Ave & Marion St",
        "alert_type": "Route Change",
        "status": "upcoming",
        "header": "Routes 40 and 62 will be rerouted in the Downtown Seatle area from 7:30 AM to 1:00 PM on Sat Oct 10 due to the Puget Sound Heart & Stroke Walk.",
        "description": "Affected stops:\r\nStop #600 3rd Ave & Virginia St (NB)\r\nStop #420 3rd Ave & Virginia St (SB)\r\nStop #430 3rd Ave & Pine St (SB)\r\nStop #450 3rd Ave & Union St (SB)\r\nStop #480 3rd Ave & Marion St (SB)\r\nStop #500 3rd Ave & James St (SB)\r\nStop #515 3rd Ave S & S Main St (SB)\r\nStop #570 3rd Ave & Union St (NB)\r\nStop #590 3rd Ave & Pine St (NB)\r\nStop #18440 Blanchard St & 6th Ave (EB)\r\nStop #510 S Washington St & 3rd Ave S (WB)\r\n\nGet on/off at:\r\nFor Routes 40 to Northgate and 62 to Sand Point:\r\nStop #548 3rd Ave & Madison St (NB)\r\nThe temporary stop on 6th Ave, just south of Union St (SB)\r\nThe temporary stop on 6th Ave, just south of Pine St (SB)\r\nThe temporary stop on 6th Ave, just south of Westlake Ave (SB)\r\n\nFor Routes 40 and 62 to Downtown Seattle:\r\nStop #760 5th Ave & Pine St (SB)\r\nStop #790 5th Ave & Seneca St (SB)\r\nStop #810 5th Ave & Marion St (SB)\r\nStop #820 5th Ave & Jefferson St (SB)",
        "url": "https://tripplanner.kingcounty.gov/#/app/nextdepartures"
      }
    },
    {
      "type": "Feature",
      "geometry": {
        "type": "Point",
        "coordinates": [
          -122.331581,
          47.6028175
        ]
      },
      "properties": {
        "alert_id": "1_96292",
        "stop_id": "500",
        "stop_name": "3rd Ave & James St",
        "alert_type": "Route Change",
        "status": "upcoming",
        "header": "Routes 40 and 62 will be rerouted in the Downtown Seatle area from 7:30 AM to 1:00 PM on Sat Oct 10 due to the Puget Sound Heart & Stroke Walk.",
        "description": "Affected stops:\r\nStop #600 3rd Ave & Virginia St (NB)\r\nStop #420 3rd Ave & Virginia St (SB)\r\nStop #430 3rd Ave & Pine St (SB)\r\nStop #450 3rd Ave & Union St (SB)\r\nStop #480 3rd Ave & Marion St (SB)\r\nStop #500 3rd Ave & James St (SB)\r\nStop #515 3rd Ave S & S Main St (SB)\r\nStop #570 3rd Ave & Union St (NB)\r\nStop #590 3rd Ave & Pine St (NB)\r\nStop #18440 Blanchard St & 6th Ave (EB)\r\nStop #510 S Washington St & 3rd Ave S (WB)\r\n\nGet on/off at:\r\nFor Routes 40 to Northgate and 62 to Sand Point:\r\nStop #548 3rd Ave & Madison St (NB)\r\nThe temporary stop on 6th Ave, just south of Union St (SB)\r\nThe temporary stop on 6th Ave, just south of Pine St (SB)\r\nThe temporary stop on 6th Ave, just south of Westlake Ave (SB)\r\n\nFor Routes 40 and 62 to Downtown Seattle:\r\nStop #760 5th Ave & Pine St (SB)\r\nStop #790 5th Ave & Seneca St (SB)\r\nStop #810 5th Ave & Marion St (SB)\r\nStop #820 5th Ave & Jefferson St (SB)",
        "url": "https://tripplanner.kingcounty.gov/#/app/nextdepartures"
      }
    },
    {
      "type": "Feature",
      "geometry": {
        "type": "Point",
        "coordinates": [
          -122.34111,
          47.6124382
        ]
      },
      "properties": {
        "alert_id": "1_96292",
        "stop_id": "420",
        "stop_name": "3rd Ave & Virginia St",
        "alert_type": "Route Change",
        "status": "upcoming",
        "header": "Routes 40 and 62 will be rerouted in the Downtown Seatle area from 7:30 AM to 1:00 PM on Sat Oct 10 due to the Puget Sound Heart & Stroke Walk.",
        "description": "Affected stops:\r\nStop #600 3rd Ave & Virginia St (NB)\r\nStop #420 3rd Ave & Virginia St (SB)\r\nStop #430 3rd Ave & Pine St (SB)\r\nStop #450 3rd Ave & Union St (SB)\r\nStop #480 3rd Ave & Marion St (SB)\r\nStop #500 3rd Ave & James St (SB)\r\nStop #515 3rd Ave S & S Main St (SB)\r\nStop #570 3rd Ave & Union St (NB)\r\nStop #590 3rd Ave & Pine St (NB)\r\nStop #18440 Blanchard St & 6th Ave (EB)\r\nStop #510 S Washington St & 3rd Ave S (WB)\r\n\nGet on/off at:\r\nFor Routes 40 to Northgate and 62 to Sand Point:\r\nStop #548 3rd Ave & Madison St (NB)\r\nThe temporary stop on 6th Ave, just south of Union St (SB)\r\nThe temporary stop on 6th Ave, just south of Pine St (SB)\r\nThe temporary stop on 6th Ave, just south of Westlake Ave (SB)\r\n\nFor Routes 40 and 62 to Downtown Seattle:\r\nStop #760 5th Ave & Pine St (SB)\r\nStop #790 5th Ave & Seneca St (SB)\r\nStop #810 5th Ave & Marion St (SB)\r\nStop #820 5th Ave & Jefferson St (SB)",
        "url": "https://tripplanner.kingcounty.gov/#/app/nextdepartures"
      }
    },
    {
      "type": "Feature",
      "geometry": {
        "type": "Point",
        "coordinates": [
          -122.330841,
          47.6009483
        ]
      },
      "properties": {
        "alert_id": "1_96292",
        "stop_id": "510",
        "stop_name": "S Washington St & 3rd Ave S",
        "alert_type": "Route Change",
        "status": "upcoming",
        "header": "Routes 40 and 62 will be rerouted in the Downtown Seatle area from 7:30 AM to 1:00 PM on Sat Oct 10 due to the Puget Sound Heart & Stroke Walk.",
        "description": "Affected stops:\r\nStop #600 3rd Ave & Virginia St (NB)\r\nStop #420 3rd Ave & Virginia St (SB)\r\nStop #430 3rd Ave & Pine St (SB)\r\nStop #450 3rd Ave & Union St (SB)\r\nStop #480 3rd Ave & Marion St (SB)\r\nStop #500 3rd Ave & James St (SB)\r\nStop #515 3rd Ave S & S Main St (SB)\r\nStop #570 3rd Ave & Union St (NB)\r\nStop #590 3rd Ave & Pine St (NB)\r\nStop #18440 Blanchard St & 6th Ave (EB)\r\nStop #510 S Washington St & 3rd Ave S (WB)\r\n\nGet on/off at:\r\nFor Routes 40 to Northgate and 62 to Sand Point:\r\nStop #548 3rd Ave & Madison St (NB)\r\nThe temporary stop on 6th Ave, just south of Union St (SB)\r\nThe temporary stop on 6th Ave, just south of Pine St (SB)\r\nThe temporary stop on 6th Ave, just south of Westlake Ave (SB)\r\n\nFor Routes 40 and 62 to Downtown Seattle:\r\nStop #760 5th Ave & Pine St (SB)\r\nStop #790 5th Ave & Seneca St (SB)\r\nStop #810 5th Ave & Marion St (SB)\r\nStop #820 5th Ave & Jefferson St (SB)",
        "url": "https://tripplanner.kingcounty.gov/#/app/nextdepartures"
      }
    },
    {
      "type": "Feature",
      "geometry": {
        "type": "Point",
        "coordinates": [
          -122.338951,
          47.6111374
        ]
      },
      "properties": {
        "alert_id": "1_96292",
        "stop_id": "590",
        "stop_name": "3rd Ave & Pine St",
        "alert_type": "Route Change",
        "status": "upcoming",
        "header": "Routes 40 and 62 will be rerouted in the Downtown Seatle area from 7:30 AM to 1:00 PM on Sat Oct 10 due to the Puget Sound Heart & Stroke Walk.",
        "description": "Affected stops:\r\nStop #600 3rd Ave & Virginia St (NB)\r\nStop #420 3rd Ave & Virginia St (SB)\r\nStop #430 3rd Ave & Pine St (SB)\r\nStop #450 3rd Ave & Union St (SB)\r\nStop #480 3rd Ave & Marion St (SB)\r\nStop #500 3rd Ave & James St (SB)\r\nStop #515 3rd Ave S & S Main St (SB)\r\nStop #570 3rd Ave & Union St (NB)\r\nStop #590 3rd Ave & Pine St (NB)\r\nStop #18440 Blanchard St & 6th Ave (EB)\r\nStop #510 S Washington St & 3rd Ave S (WB)\r\n\nGet on/off at:\r\nFor Routes 40 to Northgate and 62 to Sand Point:\r\nStop #548 3rd Ave & Madison St (NB)\r\nThe temporary stop on 6th Ave, just south of Union St (SB)\r\nThe temporary stop on 6th Ave, just south of Pine St (SB)\r\nThe temporary stop on 6th Ave, just south of Westlake Ave (SB)\r\n\nFor Routes 40 and 62 to Downtown Seattle:\r\nStop #760 5th Ave & Pine St (SB)\r\nStop #790 5th Ave & Seneca St (SB)\r\nStop #810 5th Ave & Marion St (SB)\r\nStop #820 5th Ave & Jefferson St (SB)",
        "url": "https://tripplanner.kingcounty.gov/#/app/nextdepartures"
      }
    },
    {
      "type": "Feature",
      "geometry": {
        "type": "Point",
        "coordinates": [
          -122.338966,
          47.6108971
        ]
      },
      "properties": {
        "alert_id": "1_96292",
        "stop_id": "430",
        "stop_name": "3rd Ave & Pine St",
        "alert_type": "Route Change",
        "status": "upcoming",
        "header": "Routes 40 and 62 will be rerouted in the Downtown Seatle area from 7:30 AM to 1:00 PM on Sat Oct 10 due to the Puget Sound Heart & Stroke Walk.",
        "description": "Affected stops:\r\nStop #600 3rd Ave & Virginia St (NB)\r\nStop #420 3rd Ave & Virginia St (SB)\r\nStop #430 3rd Ave & Pine St (SB)\r\nStop #450 3rd Ave & Union St (SB)\r\nStop #480 3rd Ave & Marion St (SB)\r\nStop #500 3rd Ave & James St (SB)\r\nStop #515 3rd Ave S & S Main St (SB)\r\nStop #570 3rd Ave & Union St (NB)\r\nStop #590 3rd Ave & Pine St (NB)\r\nStop #18440 Blanchard St & 6th Ave (EB)\r\nStop #510 S Washington St & 3rd Ave S (WB)\r\n\nGet on/off at:\r\nFor Routes 40 to Northgate and 62 to Sand Point:\r\nStop #548 3rd Ave & Madison St (NB)\r\nThe temporary stop on 6th Ave, just south of Union St (SB)\r\nThe temporary stop on 6th Ave, just south of Pine St (SB)\r\nThe temporary stop on 6th Ave, just south of Westlake Ave (SB)\r\n\nFor Routes 40 and 62 to Downtown Seattle:\r\nStop #760 5th Ave & Pine St (SB)\r\nStop #790 5th Ave & Seneca St (SB)\r\nStop #810 5th Ave & Marion St (SB)\r\nStop #820 5th Ave & Jefferson St (SB)",
        "url": "https://tripplanner.kingcounty.gov/#/app/nextdepartures"
      }
    },
    {
      "type": "Feature",
      "geometry": {
        "type": "Point",
        "coordinates": [
          -122.331581,
          47.6028175
        ]
      },
      "properties": {
        "alert_id": "1_96292",
        "stop_id": "500",
        "stop_name": "3rd Ave & James St",
        "alert_type": "Route Change",
        "status": "upcoming",
        "header": "Routes 40 and 62 will be rerouted in the Downtown Seatle area from 7:30 AM to 1:00 PM on Sat Oct 10 due to the Puget Sound Heart & Stroke Walk.",
        "description": "Affected stops:\r\nStop #600 3rd Ave & Virginia St (NB)\r\nStop #420 3rd Ave & Virginia St (SB)\r\nStop #430 3rd Ave & Pine St (SB)\r\nStop #450 3rd Ave & Union St (SB)\r\nStop #480 3rd Ave & Marion St (SB)\r\nStop #500 3rd Ave & James St (SB)\r\nStop #515 3rd Ave S & S Main St (SB)\r\nStop #570 3rd Ave & Union St (NB)\r\nStop #590 3rd Ave & Pine St (NB)\r\nStop #18440 Blanchard St & 6th Ave (EB)\r\nStop #510 S Washington St & 3rd Ave S (WB)\r\n\nGet on/off at:\r\nFor Routes 40 to Northgate and 62 to Sand Point:\r\nStop #548 3rd Ave & Madison St (NB)\r\nThe temporary stop on 6th Ave, just south of Union St (SB)\r\nThe temporary stop on 6th Ave, just south of Pine St (SB)\r\nThe temporary stop on 6th Ave, just south of Westlake Ave (SB)\r\n\nFor Routes 40 and 62 to Downtown Seattle:\r\nStop #760 5th Ave & Pine St (SB)\r\nStop #790 5th Ave & Seneca St (SB)\r\nStop #810 5th Ave & Marion St (SB)\r\nStop #820 5th Ave & Jefferson St (SB)",
        "url": "https://tripplanner.kingcounty.gov/#/app/nextdepartures"
      }
    },
    {
      "type": "Feature",
      "geometry": {
        "type": "Point",
        "coordinates": [
          -122.340881,
          47.6158562
        ]
      },
      "properties": {
        "alert_id": "1_96292",
        "stop_id": "18440",
        "stop_name": "Blanchard St & 6th Ave",
        "alert_type": "Route Change",
        "status": "upcoming",
        "header": "Routes 40 and 62 will be rerouted in the Downtown Seatle area from 7:30 AM to 1:00 PM on Sat Oct 10 due to the Puget Sound Heart & Stroke Walk.",
        "description": "Affected stops:\r\nStop #600 3rd Ave & Virginia St (NB)\r\nStop #420 3rd Ave & Virginia St (SB)\r\nStop #430 3rd Ave & Pine St (SB)\r\nStop #450 3rd Ave & Union St (SB)\r\nStop #480 3rd Ave & Marion St (SB)\r\nStop #500 3rd Ave & James St (SB)\r\nStop #515 3rd Ave S & S Main St (SB)\r\nStop #570 3rd Ave & Union St (NB)\r\nStop #590 3rd Ave & Pine St (NB)\r\nStop #18440 Blanchard St & 6th Ave (EB)\r\nStop #510 S Washington St & 3rd Ave S (WB)\r\n\nGet on/off at:\r\nFor Routes 40 to Northgate and 62 to Sand Point:\r\nStop #548 3rd Ave & Madison St (NB)\r\nThe temporary stop on 6th Ave, just south of Union St (SB)\r\nThe temporary stop on 6th Ave, just south of Pine St (SB)\r\nThe temporary stop on 6th Ave, just south of Westlake Ave (SB)\r\n\nFor Routes 40 and 62 to Downtown Seattle:\r\nStop #760 5th Ave & Pine St (SB)\r\nStop #790 5th Ave & Seneca St (SB)\r\nStop #810 5th Ave & Marion St (SB)\r\nStop #820 5th Ave & Jefferson St (SB)",
        "url": "https://tripplanner.kingcounty.gov/#/app/nextdepartures"
      }
    },
    {
      "type": "Feature",
      "geometry": {
        "type": "Point",
        "coordinates": [
          -122.338966,
          47.6108971
        ]
      },
      "properties": {
        "alert_id": "1_96292",
        "stop_id": "430",
        "stop_name": "3rd Ave & Pine St",
        "alert_type": "Route Change",
        "status": "upcoming",
        "header": "Routes 40 and 62 will be rerouted in the Downtown Seatle area from 7:30 AM to 1:00 PM on Sat Oct 10 due to the Puget Sound Heart & Stroke Walk.",
        "description": "Affected stops:\r\nStop #600 3rd Ave & Virginia St (NB)\r\nStop #420 3rd Ave & Virginia St (SB)\r\nStop #430 3rd Ave & Pine St (SB)\r\nStop #450 3rd Ave & Union St (SB)\r\nStop #480 3rd Ave & Marion St (SB)\r\nStop #500 3rd Ave & James St (SB)\r\nStop #515 3rd Ave S & S Main St (SB)\r\nStop #570 3rd Ave & Union St (NB)\r\nStop #590 3rd Ave & Pine St (NB)\r\nStop #18440 Blanchard St & 6th Ave (EB)\r\nStop #510 S Washington St & 3rd Ave S (WB)\r\n\nGet on/off at:\r\nFor Routes 40 to Northgate and 62 to Sand Point:\r\nStop #548 3rd Ave & Madison St (NB)\r\nThe temporary stop on 6th Ave, just south of Union St (SB)\r\nThe temporary stop on 6th Ave, just south of Pine St (SB)\r\nThe temporary stop on 6th Ave, just south of Westlake Ave (SB)\r\n\nFor Routes 40 and 62 to Downtown Seattle:\r\nStop #760 5th Ave & Pine St (SB)\r\nStop #790 5th Ave & Seneca St (SB)\r\nStop #810 5th Ave & Marion St (SB)\r\nStop #820 5th Ave & Jefferson St (SB)",
        "url": "https://tripplanner.kingcounty.gov/#/app/nextdepartures"
      }
    },
    {
      "type": "Feature",
      "geometry": {
        "type": "Point",
        "coordinates": [
          -122.341743,
          47.6129951
        ]
      },
      "properties": {
        "alert_id": "1_96292",
        "stop_id": "600",
        "stop_name": "3rd Ave & Virginia St",
        "alert_type": "Route Change",
        "status": "upcoming",
        "header": "Routes 40 and 62 will be rerouted in the Downtown Seatle area from 7:30 AM to 1:00 PM on Sat Oct 10 due to the Puget Sound Heart & Stroke Walk.",
        "description": "Affected stops:\r\nStop #600 3rd Ave & Virginia St (NB)\r\nStop #420 3rd Ave & Virginia St (SB)\r\nStop #430 3rd Ave & Pine St (SB)\r\nStop #450 3rd Ave & Union St (SB)\r\nStop #480 3rd Ave & Marion St (SB)\r\nStop #500 3rd Ave & James St (SB)\r\nStop #515 3rd Ave S & S Main St (SB)\r\nStop #570 3rd Ave & Union St (NB)\r\nStop #590 3rd Ave & Pine St (NB)\r\nStop #18440 Blanchard St & 6th Ave (EB)\r\nStop #510 S Washington St & 3rd Ave S (WB)\r\n\nGet on/off at:\r\nFor Routes 40 to Northgate and 62 to Sand Point:\r\nStop #548 3rd Ave & Madison St (NB)\r\nThe temporary stop on 6th Ave, just south of Union St (SB)\r\nThe temporary stop on 6th Ave, just south of Pine St (SB)\r\nThe temporary stop on 6th Ave, just south of Westlake Ave (SB)\r\n\nFor Routes 40 and 62 to Downtown Seattle:\r\nStop #760 5th Ave & Pine St (SB)\r\nStop #790 5th Ave & Seneca St (SB)\r\nStop #810 5th Ave & Marion St (SB)\r\nStop #820 5th Ave & Jefferson St (SB)",
        "url": "https://tripplanner.kingcounty.gov/#/app/nextdepartures"
      }
    },
    {
      "type": "Feature",
      "geometry": {
        "type": "Point",
        "coordinates": [
          -122.3367,
          47.6086884
        ]
      },
      "properties": {
        "alert_id": "1_96292",
        "stop_id": "570",
        "stop_name": "3rd Ave & Union St",
        "alert_type": "Route Change",
        "status": "upcoming",
        "header": "Routes 40 and 62 will be rerouted in the Downtown Seatle area from 7:30 AM to 1:00 PM on Sat Oct 10 due to the Puget Sound Heart & Stroke Walk.",
        "description": "Affected stops:\r\nStop #600 3rd Ave & Virginia St (NB)\r\nStop #420 3rd Ave & Virginia St (SB)\r\nStop #430 3rd Ave & Pine St (SB)\r\nStop #450 3rd Ave & Union St (SB)\r\nStop #480 3rd Ave & Marion St (SB)\r\nStop #500 3rd Ave & James St (SB)\r\nStop #515 3rd Ave S & S Main St (SB)\r\nStop #570 3rd Ave & Union St (NB)\r\nStop #590 3rd Ave & Pine St (NB)\r\nStop #18440 Blanchard St & 6th Ave (EB)\r\nStop #510 S Washington St & 3rd Ave S (WB)\r\n\nGet on/off at:\r\nFor Routes 40 to Northgate and 62 to Sand Point:\r\nStop #548 3rd Ave & Madison St (NB)\r\nThe temporary stop on 6th Ave, just south of Union St (SB)\r\nThe temporary stop on 6th Ave, just south of Pine St (SB)\r\nThe temporary stop on 6th Ave, just south of Westlake Ave (SB)\r\n\nFor Routes 40 and 62 to Downtown Seattle:\r\nStop #760 5th Ave & Pine St (SB)\r\nStop #790 5th Ave & Seneca St (SB)\r\nStop #810 5th Ave & Marion St (SB)\r\nStop #820 5th Ave & Jefferson St (SB)",
        "url": "https://tripplanner.kingcounty.gov/#/app/nextdepartures"
      }
    },
    {
      "type": "Feature",
      "geometry": {
        "type": "Point",
        "coordinates": [
          -122.330376,
          47.6002388
        ]
      },
      "properties": {
        "alert_id": "1_96292",
        "stop_id": "515",
        "stop_name": "3rd Ave S & S Main St",
        "alert_type": "Route Change",
        "status": "upcoming",
        "header": "Routes 40 and 62 will be rerouted in the Downtown Seatle area from 7:30 AM to 1:00 PM on Sat Oct 10 due to the Puget Sound Heart & Stroke Walk.",
        "description": "Affected stops:\r\nStop #600 3rd Ave & Virginia St (NB)\r\nStop #420 3rd Ave & Virginia St (SB)\r\nStop #430 3rd Ave & Pine St (SB)\r\nStop #450 3rd Ave & Union St (SB)\r\nStop #480 3rd Ave & Marion St (SB)\r\nStop #500 3rd Ave & James St (SB)\r\nStop #515 3rd Ave S & S Main St (SB)\r\nStop #570 3rd Ave & Union St (NB)\r\nStop #590 3rd Ave & Pine St (NB)\r\nStop #18440 Blanchard St & 6th Ave (EB)\r\nStop #510 S Washington St & 3rd Ave S (WB)\r\n\nGet on/off at:\r\nFor Routes 40 to Northgate and 62 to Sand Point:\r\nStop #548 3rd Ave & Madison St (NB)\r\nThe temporary stop on 6th Ave, just south of Union St (SB)\r\nThe temporary stop on 6th Ave, just south of Pine St (SB)\r\nThe temporary stop on 6th Ave, just south of Westlake Ave (SB)\r\n\nFor Routes 40 and 62 to Downtown Seattle:\r\nStop #760 5th Ave & Pine St (SB)\r\nStop #790 5th Ave & Seneca St (SB)\r\nStop #810 5th Ave & Marion St (SB)\r\nStop #820 5th Ave & Jefferson St (SB)",
        "url": "https://tripplanner.kingcounty.gov/#/app/nextdepartures"
      }
    },
    {
      "type": "Feature",
      "geometry": {
        "type": "Point",
        "coordinates": [
          -122.336548,
          47.6082535
        ]
      },
      "properties": {
        "alert_id": "1_96292",
        "stop_id": "450",
        "stop_name": "3rd Ave & Union St",
        "alert_type": "Route Change",
        "status": "upcoming",
        "header": "Routes 40 and 62 will be rerouted in the Downtown Seatle area from 7:30 AM to 1:00 PM on Sat Oct 10 due to the Puget Sound Heart & Stroke Walk.",
        "description": "Affected stops:\r\nStop #600 3rd Ave & Virginia St (NB)\r\nStop #420 3rd Ave & Virginia St (SB)\r\nStop #430 3rd Ave & Pine St (SB)\r\nStop #450 3rd Ave & Union St (SB)\r\nStop #480 3rd Ave & Marion St (SB)\r\nStop #500 3rd Ave & James St (SB)\r\nStop #515 3rd Ave S & S Main St (SB)\r\nStop #570 3rd Ave & Union St (NB)\r\nStop #590 3rd Ave & Pine St (NB)\r\nStop #18440 Blanchard St & 6th Ave (EB)\r\nStop #510 S Washington St & 3rd Ave S (WB)\r\n\nGet on/off at:\r\nFor Routes 40 to Northgate and 62 to Sand Point:\r\nStop #548 3rd Ave & Madison St (NB)\r\nThe temporary stop on 6th Ave, just south of Union St (SB)\r\nThe temporary stop on 6th Ave, just south of Pine St (SB)\r\nThe temporary stop on 6th Ave, just south of Westlake Ave (SB)\r\n\nFor Routes 40 and 62 to Downtown Seattle:\r\nStop #760 5th Ave & Pine St (SB)\r\nStop #790 5th Ave & Seneca St (SB)\r\nStop #810 5th Ave & Marion St (SB)\r\nStop #820 5th Ave & Jefferson St (SB)",
        "url": "https://tripplanner.kingcounty.gov/#/app/nextdepartures"
      }
    },
    {
      "type": "Feature",
      "geometry": {
        "type": "Point",
        "coordinates": [
          -122.3367,
          47.6086884
        ]
      },
      "properties": {
        "alert_id": "1_96292",
        "stop_id": "570",
        "stop_name": "3rd Ave & Union St",
        "alert_type": "Route Change",
        "status": "upcoming",
        "header": "Routes 40 and 62 will be rerouted in the Downtown Seatle area from 7:30 AM to 1:00 PM on Sat Oct 10 due to the Puget Sound Heart & Stroke Walk.",
        "description": "Affected stops:\r\nStop #600 3rd Ave & Virginia St (NB)\r\nStop #420 3rd Ave & Virginia St (SB)\r\nStop #430 3rd Ave & Pine St (SB)\r\nStop #450 3rd Ave & Union St (SB)\r\nStop #480 3rd Ave & Marion St (SB)\r\nStop #500 3rd Ave & James St (SB)\r\nStop #515 3rd Ave S & S Main St (SB)\r\nStop #570 3rd Ave & Union St (NB)\r\nStop #590 3rd Ave & Pine St (NB)\r\nStop #18440 Blanchard St & 6th Ave (EB)\r\nStop #510 S Washington St & 3rd Ave S (WB)\r\n\nGet on/off at:\r\nFor Routes 40 to Northgate and 62 to Sand Point:\r\nStop #548 3rd Ave & Madison St (NB)\r\nThe temporary stop on 6th Ave, just south of Union St (SB)\r\nThe temporary stop on 6th Ave, just south of Pine St (SB)\r\nThe temporary stop on 6th Ave, just south of Westlake Ave (SB)\r\n\nFor Routes 40 and 62 to Downtown Seattle:\r\nStop #760 5th Ave & Pine St (SB)\r\nStop #790 5th Ave & Seneca St (SB)\r\nStop #810 5th Ave & Marion St (SB)\r\nStop #820 5th Ave & Jefferson St (SB)",
        "url": "https://tripplanner.kingcounty.gov/#/app/nextdepartures"
      }
    },
    {
      "type": "Feature",
      "geometry": {
        "type": "Point",
        "coordinates": [
          -122.34111,
          47.6124382
        ]
      },
      "properties": {
        "alert_id": "1_96292",
        "stop_id": "420",
        "stop_name": "3rd Ave & Virginia St",
        "alert_type": "Route Change",
        "status": "upcoming",
        "header": "Routes 40 and 62 will be rerouted in the Downtown Seatle area from 7:30 AM to 1:00 PM on Sat Oct 10 due to the Puget Sound Heart & Stroke Walk.",
        "description": "Affected stops:\r\nStop #600 3rd Ave & Virginia St (NB)\r\nStop #420 3rd Ave & Virginia St (SB)\r\nStop #430 3rd Ave & Pine St (SB)\r\nStop #450 3rd Ave & Union St (SB)\r\nStop #480 3rd Ave & Marion St (SB)\r\nStop #500 3rd Ave & James St (SB)\r\nStop #515 3rd Ave S & S Main St (SB)\r\nStop #570 3rd Ave & Union St (NB)\r\nStop #590 3rd Ave & Pine St (NB)\r\nStop #18440 Blanchard St & 6th Ave (EB)\r\nStop #510 S Washington St & 3rd Ave S (WB)\r\n\nGet on/off at:\r\nFor Routes 40 to Northgate and 62 to Sand Point:\r\nStop #548 3rd Ave & Madison St (NB)\r\nThe temporary stop on 6th Ave, just south of Union St (SB)\r\nThe temporary stop on 6th Ave, just south of Pine St (SB)\r\nThe temporary stop on 6th Ave, just south of Westlake Ave (SB)\r\n\nFor Routes 40 and 62 to Downtown Seattle:\r\nStop #760 5th Ave & Pine St (SB)\r\nStop #790 5th Ave & Seneca St (SB)\r\nStop #810 5th Ave & Marion St (SB)\r\nStop #820 5th Ave & Jefferson St (SB)",
        "url": "https://tripplanner.kingcounty.gov/#/app/nextdepartures"
      }
    },
    {
      "type": "Feature",
      "geometry": {
        "type": "Point",
        "coordinates": [
          -122.191422,
          47.6101265
        ]
      },
      "properties": {
        "alert_id": "1_88423",
        "stop_id": "82810",
        "stop_name": "Main St & 112th Ave NE",
        "alert_type": "Stop Closure",
        "status": "ongoing",
        "header": "Stop #82810 Main St & 112th Ave NE (WB) closed from Wed May 27 to Thu Dec 31 from 8:00 AM to 3:00 PM weekdays only due to construction.",
        "description": "Affected routes:\r\n240\r\n\nGet on/off at:\r\nStop #82790 112th Ave SE & SE 4th St (NB)\r\nStop #85730 108th Ave NE & NE 2nd St (NB)",
        "url": "https://tripplanner.kingcounty.gov/#/app/nextdepartures/routeheadway/full/240/N/"
      }
    },
    {
      "type": "Feature",
      "geometry": {
        "type": "Point",
        "coordinates": [
          -122.296364,
          47.6079292
        ]
      },
      "properties": {
        "alert_id": "1_96209",
        "stop_id": "13040",
        "stop_name": "E Cherry St & Martin L King Jr Way",
        "alert_type": "Stop Closure",
        "status": "ongoing",
        "header": "Stop #13040 E Cherry St & Martin L King Jr Way (EB) closed until further notice due to construction.",
        "description": "Affected routes:\r\n3\r\n\nGet on/off at:\r\nStop #13030 E Cherry St & 25th Ave (EB)\r\nThe temporary stop on E Cherry St, just east of Martin L King Jr Way (EB)\r\nStop #13060 E Cherry St & 31st Ave (EB)",
        "url": "https://tripplanner.kingcounty.gov/#/app/nextdepartures/stoproutes/5109"
      }
    },
    {
      "type": "Feature",
      "geometry": {
        "type": "Point",
        "coordinates": [
          -122.294708,
          47.7192078
        ]
      },
      "properties": {
        "alert_id": "1_91830",
        "stop_id": "9670",
        "stop_name": "NE 125th St & Lake City Way NE",
        "alert_type": "Stop Closure",
        "status": "ongoing",
        "header": "Stop #9670 NE 125th St & Lake City Way NE (EB) closed beginning Thu Jul 23 until further notice due to construction.",
        "description": "Affected routes:\r\n65\r\n75\r\n\nGet on/off at:\r\nFor Route 65 to University District:\r\nStop #38110 30th Ave NE & NE 127th St (SB)\r\nStop #9680 NE 125th St & 33rd Ave NE (EB)\r\n\nFor Route 75 to University District:\r\nStop #35440 NE 125th St & 30th Ave NE (EB)\r\nStop #9680 NE 125th St & 33rd Ave NE (EB)",
        "url": "https://tripplanner.kingcounty.gov/#/app/nextdepartures/stoproutes/3739"
      }
    },
    {
      "type": "Feature",
      "geometry": {
        "type": "Point",
        "coordinates": [
          -122.294708,
          47.7192078
        ]
      },
      "properties": {
        "alert_id": "1_91830",
        "stop_id": "9670",
        "stop_name": "NE 125th St & Lake City Way NE",
        "alert_type": "Stop Closure",
        "status": "ongoing",
        "header": "Stop #9670 NE 125th St & Lake City Way NE (EB) closed beginning Thu Jul 23 until further notice due to construction.",
        "description": "Affected routes:\r\n65\r\n75\r\n\nGet on/off at:\r\nFor Route 65 to University District:\r\nStop #38110 30th Ave NE & NE 127th St (SB)\r\nStop #9680 NE 125th St & 33rd Ave NE (EB)\r\n\nFor Route 75 to University District:\r\nStop #35440 NE 125th St & 30th Ave NE (EB)\r\nStop #9680 NE 125th St & 33rd Ave NE (EB)",
        "url": "https://tripplanner.kingcounty.gov/#/app/nextdepartures/stoproutes/3739"
      }
    },
    {
      "type": "Feature",
      "geometry": {
        "type": "Point",
        "coordinates": [
          -122.333122,
          47.6270752
        ]
      },
      "properties": {
        "alert_id": "1_93972",
        "stop_id": "10190",
        "stop_name": "Fairview Ave N & Aloha St",
        "alert_type": "Route Change",
        "status": "ongoing",
        "header": "Route 70 is rerouted off Fairview Ave N between Aloha St and Valley St from Sat Aug 29 at 3:30 AM to Sat Oct 31 at 3:30 AM due to construction.",
        "description": "Affected stops:\r\nStop #10190 Fairview Ave N & Aloha St (SB)\r\n\nGet on/off at:\r\nStop #10170 Fairview Ave E & E Nelson Pl (SB)\r\nStop #10328 Valley St & Fairview Ave N (WB)\r\nStop #10210 Fairview Ave N & Mercer St (SB)\r\n\nTo learn more about the construction impacts that are part of the upgrade of Route 70 into the RapidRide J Line please visit SDOT\u2019s website link:\r\n\nhttps://www.seattle.gov/transportation/projects-and-programs/programs/transit-program/transit-plus-multimodal-corridor-program/rapidride-roosevelt",
        "url": "https://tripplanner.kingcounty.gov/#/app/nextdepartures/stoproutes/72764"
      }
    },
    {
      "type": "Feature",
      "geometry": {
        "type": "Point",
        "coordinates": [
          -122.19101,
          47.7679176
        ]
      },
      "properties": {
        "alert_id": "1_96328",
        "stop_id": "76228",
        "stop_name": "Beardslee Blvd & NE 195th St",
        "alert_type": "Route Change",
        "status": "upcoming",
        "header": "ST 522 to Woodinville is rerouted off I-405 between Beardslee Blvd and SR-522 from Fri Oct 9 at 10:00 PM to Mon Oct 12 at 4:00 AM due to construction.",
        "description": "Affected stops:\r\nStop #76228 Beardslee Blvd & NE 195th St (NB)\r\n\nGet on/off at:\r\nStop #76305 UW Bothell & Cascadia College (EB)",
        "url": "https://tripplanner.kingcounty.gov/#/app/nextdepartures/routeheadway/full/522/N/"
      }
    },
    {
      "type": "Feature",
      "geometry": {
        "type": "Point",
        "coordinates": [
          -122.229919,
          47.3703918
        ]
      },
      "properties": {
        "alert_id": "1_92364",
        "stop_id": "57990",
        "stop_name": "Central Ave S & S 259th St",
        "alert_type": "Stop Relocation",
        "status": "ongoing",
        "header": "Stop #57990 Central Ave S & S 259th St (NB) relocated through Fri Oct 30 due to construction.",
        "description": "Affected routes:\r\n160\r\n\nGet on/off:\r\nThe temporary stop on Central Ave S just south of 259th St (NB)",
        "url": "https://tripplanner.kingcounty.gov/#/app/nextdepartures/stoproutes/5092"
      }
    },
    {
      "type": "Feature",
      "geometry": {
        "type": "Point",
        "coordinates": [
          -122.354256,
          47.6758194
        ]
      },
      "properties": {
        "alert_id": "1_96166",
        "stop_id": "6540",
        "stop_name": "Phinney Ave N & N 64th St",
        "alert_type": "Stop Closure",
        "status": "upcoming",
        "header": "Stop #6540 Phinney Ave N & N 64th St (NB) closed from 7:00 AM to 3:00 PM on Fri Oct 9 due to construction.",
        "description": "Affected routes:\r\n5\r\n\nGet on/off at:\r\nStop #6520 Phinney Ave N & N 60th St (NB)\r\nStop #6550 Phinney Ave N & N 67th St (NB)",
        "url": "https://tripplanner.kingcounty.gov/#/app/nextdepartures/stoproutes/6914"
      }
    },
    {
      "type": "Feature",
      "geometry": {
        "type": "Point",
        "coordinates": [
          -122.355438,
          47.7266502
        ]
      },
      "properties": {
        "alert_id": "1_92121",
        "stop_id": "6840",
        "stop_name": "Greenwood Ave N & N 134th St",
        "alert_type": "Stop Closure",
        "status": "ongoing",
        "header": "Stop #6840 Greenwood Ave N & N 134th St (NB) closed from Mon Jul 27 through Thu Oct 22 due to construction.",
        "description": "Affected routes:\r\n5\r\n345\r\n77\r\n\nGet on/off at:\r\nStop #6820 Greenwood Ave N & N 130th St (NB)\r\nStop #6850 Greenwood Ave N & N 137th St (NB)",
        "url": "https://tripplanner.kingcounty.gov/#/app/nextdepartures/stoproutes/5732"
      }
    },
    {
      "type": "Feature",
      "geometry": {
        "type": "Point",
        "coordinates": [
          -122.355438,
          47.7266502
        ]
      },
      "properties": {
        "alert_id": "1_92121",
        "stop_id": "6840",
        "stop_name": "Greenwood Ave N & N 134th St",
        "alert_type": "Stop Closure",
        "status": "ongoing",
        "header": "Stop #6840 Greenwood Ave N & N 134th St (NB) closed from Mon Jul 27 through Thu Oct 22 due to construction.",
        "description": "Affected routes:\r\n5\r\n345\r\n77\r\n\nGet on/off at:\r\nStop #6820 Greenwood Ave N & N 130th St (NB)\r\nStop #6850 Greenwood Ave N & N 137th St (NB)",
        "url": "https://tripplanner.kingcounty.gov/#/app/nextdepartures/stoproutes/5732"
      }
    },
    {
      "type": "Feature",
      "geometry": {
        "type": "Point",
        "coordinates": [
          -122.355438,
          47.7266502
        ]
      },
      "properties": {
        "alert_id": "1_92121",
        "stop_id": "6840",
        "stop_name": "Greenwood Ave N & N 134th St",
        "alert_type": "Stop Closure",
        "status": "ongoing",
        "header": "Stop #6840 Greenwood Ave N & N 134th St (NB) closed from Mon Jul 27 through Thu Oct 22 due to construction.",
        "description": "Affected routes:\r\n5\r\n345\r\n77\r\n\nGet on/off at:\r\nStop #6820 Greenwood Ave N & N 130th St (NB)\r\nStop #6850 Greenwood Ave N & N 137th St (NB)",
        "url": "https://tripplanner.kingcounty.gov/#/app/nextdepartures/stoproutes/5732"
      }
    },
    {
      "type": "Feature",
      "geometry": {
        "type": "Point",
        "coordinates": [
          -122.230064,
          47.3697166
        ]
      },
      "properties": {
        "alert_id": "1_92363",
        "stop_id": "58180",
        "stop_name": "Central Ave S & S 259th St",
        "alert_type": "Stop Relocation",
        "status": "ongoing",
        "header": "Stop #58180 Central Ave S & S 259th St (SB) relocated through Fri Oct 30 due to construction.",
        "description": "Affected routes:\r\n160\r\n\nGet on/off:\r\nThe temporary stop on Central Ave S just south of S 259th St (SB)",
        "url": "https://tripplanner.kingcounty.gov/#/app/nextdepartures/stoproutes/3251"
      }
    },
    {
      "type": "Feature",
      "geometry": {
        "type": "Point",
        "coordinates": [
          -122.336548,
          47.6082535
        ]
      },
      "properties": {
        "alert_id": "1_96361",
        "stop_id": "450",
        "stop_name": "3rd Ave & Union St",
        "alert_type": "Route Change",
        "status": "upcoming",
        "header": "Route 3 will be rerouted in the Downtown Seattle area from 7:30 AM to 1:00 PM on Sat Oct 10 due to Puget Sound Heart & Stroke Walk.",
        "description": "Affected stops:\r\nStop #558 3rd Ave & Seneca St (NB)\r\nStop #575 3rd Ave & Pike St (NB)\r\nStop #1180 Pike St & 4th Ave (EB)\r\nStop #1190 Pike St & 6th Ave (EB)\r\nStop #1110 Pine St & 5th Ave (WB)\r\nStop #450 3rd Ave & Union St (SB)\r\n\nGet on/off at:\r\nFor Route 3 to Summit:\r\nStop #538 3rd Ave & Columbia St (NB)\r\nThe temporary stop on 6th Ave, just south of Union St (NB)\r\nStop #1195 Pike St & 7th Ave (EB)\r\n\nFor Route 3 to Madrona And 34th Ave:\r\nStop #1085 Pine St & 9th Ave (WB)\r\nStop #790 5th Ave & Seneca St (SB)\r\nStop #480 3rd Ave & Marion St (SB)\r\n",
        "url": "https://tripplanner.kingcounty.gov/#/app/nextdepartures/routeheadway/full/3/N/"
      }
    },
    {
      "type": "Feature",
      "geometry": {
        "type": "Point",
        "coordinates": [
          -122.336838,
          47.6100731
        ]
      },
      "properties": {
        "alert_id": "1_96361",
        "stop_id": "1180",
        "stop_name": "Pike St & 4th Ave",
        "alert_type": "Route Change",
        "status": "upcoming",
        "header": "Route 3 will be rerouted in the Downtown Seattle area from 7:30 AM to 1:00 PM on Sat Oct 10 due to Puget Sound Heart & Stroke Walk.",
        "description": "Affected stops:\r\nStop #558 3rd Ave & Seneca St (NB)\r\nStop #575 3rd Ave & Pike St (NB)\r\nStop #1180 Pike St & 4th Ave (EB)\r\nStop #1190 Pike St & 6th Ave (EB)\r\nStop #1110 Pine St & 5th Ave (WB)\r\nStop #450 3rd Ave & Union St (SB)\r\n\nGet on/off at:\r\nFor Route 3 to Summit:\r\nStop #538 3rd Ave & Columbia St (NB)\r\nThe temporary stop on 6th Ave, just south of Union St (NB)\r\nStop #1195 Pike St & 7th Ave (EB)\r\n\nFor Route 3 to Madrona And 34th Ave:\r\nStop #1085 Pine St & 9th Ave (WB)\r\nStop #790 5th Ave & Seneca St (SB)\r\nStop #480 3rd Ave & Marion St (SB)\r\n",
        "url": "https://tripplanner.kingcounty.gov/#/app/nextdepartures/routeheadway/full/3/N/"
      }
    },
    {
      "type": "Feature",
      "geometry": {
        "type": "Point",
        "coordinates": [
          -122.335213,
          47.6070518
        ]
      },
      "properties": {
        "alert_id": "1_96361",
        "stop_id": "558",
        "stop_name": "3rd Ave & Seneca St",
        "alert_type": "Route Change",
        "status": "upcoming",
        "header": "Route 3 will be rerouted in the Downtown Seattle area from 7:30 AM to 1:00 PM on Sat Oct 10 due to Puget Sound Heart & Stroke Walk.",
        "description": "Affected stops:\r\nStop #558 3rd Ave & Seneca St (NB)\r\nStop #575 3rd Ave & Pike St (NB)\r\nStop #1180 Pike St & 4th Ave (EB)\r\nStop #1190 Pike St & 6th Ave (EB)\r\nStop #1110 Pine St & 5th Ave (WB)\r\nStop #450 3rd Ave & Union St (SB)\r\n\nGet on/off at:\r\nFor Route 3 to Summit:\r\nStop #538 3rd Ave & Columbia St (NB)\r\nThe temporary stop on 6th Ave, just south of Union St (NB)\r\nStop #1195 Pike St & 7th Ave (EB)\r\n\nFor Route 3 to Madrona And 34th Ave:\r\nStop #1085 Pine St & 9th Ave (WB)\r\nStop #790 5th Ave & Seneca St (SB)\r\nStop #480 3rd Ave & Marion St (SB)\r\n",
        "url": "https://tripplanner.kingcounty.gov/#/app/nextdepartures/routeheadway/full/3/N/"
      }
    },
    {
      "type": "Feature",
      "geometry": {
        "type": "Point",
        "coordinates": [
          -122.336456,
          47.6117668
        ]
      },
      "properties": {
        "alert_id": "1_96361",
        "stop_id": "1110",
        "stop_name": "Pine St & 5th Ave",
        "alert_type": "Route Change",
        "status": "upcoming",
        "header": "Route 3 will be rerouted in the Downtown Seattle area from 7:30 AM to 1:00 PM on Sat Oct 10 due to Puget Sound Heart & Stroke Walk.",
        "description": "Affected stops:\r\nStop #558 3rd Ave & Seneca St (NB)\r\nStop #575 3rd Ave & Pike St (NB)\r\nStop #1180 Pike St & 4th Ave (EB)\r\nStop #1190 Pike St & 6th Ave (EB)\r\nStop #1110 Pine St & 5th Ave (WB)\r\nStop #450 3rd Ave & Union St (SB)\r\n\nGet on/off at:\r\nFor Route 3 to Summit:\r\nStop #538 3rd Ave & Columbia St (NB)\r\nThe temporary stop on 6th Ave, just south of Union St (NB)\r\nStop #1195 Pike St & 7th Ave (EB)\r\n\nFor Route 3 to Madrona And 34th Ave:\r\nStop #1085 Pine St & 9th Ave (WB)\r\nStop #790 5th Ave & Seneca St (SB)\r\nStop #480 3rd Ave & Marion St (SB)\r\n",
        "url": "https://tripplanner.kingcounty.gov/#/app/nextdepartures/routeheadway/full/3/N/"
      }
    },
    {
      "type": "Feature",
      "geometry": {
        "type": "Point",
        "coordinates": [
          -122.337585,
          47.609642
        ]
      },
      "properties": {
        "alert_id": "1_96361",
        "stop_id": "575",
        "stop_name": "3rd Ave & Pike St",
        "alert_type": "Route Change",
        "status": "upcoming",
        "header": "Route 3 will be rerouted in the Downtown Seattle area from 7:30 AM to 1:00 PM on Sat Oct 10 due to Puget Sound Heart & Stroke Walk.",
        "description": "Affected stops:\r\nStop #558 3rd Ave & Seneca St (NB)\r\nStop #575 3rd Ave & Pike St (NB)\r\nStop #1180 Pike St & 4th Ave (EB)\r\nStop #1190 Pike St & 6th Ave (EB)\r\nStop #1110 Pine St & 5th Ave (WB)\r\nStop #450 3rd Ave & Union St (SB)\r\n\nGet on/off at:\r\nFor Route 3 to Summit:\r\nStop #538 3rd Ave & Columbia St (NB)\r\nThe temporary stop on 6th Ave, just south of Union St (NB)\r\nStop #1195 Pike St & 7th Ave (EB)\r\n\nFor Route 3 to Madrona And 34th Ave:\r\nStop #1085 Pine St & 9th Ave (WB)\r\nStop #790 5th Ave & Seneca St (SB)\r\nStop #480 3rd Ave & Marion St (SB)\r\n",
        "url": "https://tripplanner.kingcounty.gov/#/app/nextdepartures/routeheadway/full/3/N/"
      }
    },
    {
      "type": "Feature",
      "geometry": {
        "type": "Point",
        "coordinates": [
          -122.334526,
          47.6110344
        ]
      },
      "properties": {
        "alert_id": "1_96361",
        "stop_id": "1190",
        "stop_name": "Pike St & 6th Ave",
        "alert_type": "Route Change",
        "status": "upcoming",
        "header": "Route 3 will be rerouted in the Downtown Seattle area from 7:30 AM to 1:00 PM on Sat Oct 10 due to Puget Sound Heart & Stroke Walk.",
        "description": "Affected stops:\r\nStop #558 3rd Ave & Seneca St (NB)\r\nStop #575 3rd Ave & Pike St (NB)\r\nStop #1180 Pike St & 4th Ave (EB)\r\nStop #1190 Pike St & 6th Ave (EB)\r\nStop #1110 Pine St & 5th Ave (WB)\r\nStop #450 3rd Ave & Union St (SB)\r\n\nGet on/off at:\r\nFor Route 3 to Summit:\r\nStop #538 3rd Ave & Columbia St (NB)\r\nThe temporary stop on 6th Ave, just south of Union St (NB)\r\nStop #1195 Pike St & 7th Ave (EB)\r\n\nFor Route 3 to Madrona And 34th Ave:\r\nStop #1085 Pine St & 9th Ave (WB)\r\nStop #790 5th Ave & Seneca St (SB)\r\nStop #480 3rd Ave & Marion St (SB)\r\n",
        "url": "https://tripplanner.kingcounty.gov/#/app/nextdepartures/routeheadway/full/3/N/"
      }
    },
    {
      "type": "Feature",
      "geometry": {
        "type": "Point",
        "coordinates": [
          -122.323685,
          47.648613
        ]
      },
      "properties": {
        "alert_id": "1_93490",
        "stop_id": "9150",
        "stop_name": "Eastlake Ave E & E Allison St",
        "alert_type": "Stop Relocation",
        "status": "ongoing",
        "header": "Stop #9150 Eastlake Ave E & E Allison St (SB) relocated through Thu Dec 31 due to construction.",
        "description": "Affected routes:\r\n70\r\n\nGet on/off at:\r\nStop #9140 University Bridge & NE 40th St (SB)\r\nThe temporary stop on Eastlake Ave E, just south of E Shelby St (SB)\r\n\nTo learn more about the construction impacts that are part of the upgrade of Route 70 into the RapidRide J Line please visit SDOT\u2019s website link:\r\n\nhttps://www.seattle.gov/transportation/projects-and-programs/programs/transit-program/transit-plus-multimodal-corridor-program/rapidride-roosevelt",
        "url": "https://tripplanner.kingcounty.gov/#/app/nextdepartures/stoproutes/5377"
      }
    },
    {
      "type": "Feature",
      "geometry": {
        "type": "Point",
        "coordinates": [
          -122.197159,
          47.419136
        ]
      },
      "properties": {
        "alert_id": "1_96082",
        "stop_id": "57340",
        "stop_name": "108th Ave SE & SE 204th St",
        "alert_type": "Stop Relocation",
        "status": "ongoing",
        "header": "Stop #57340 108th Ave SE & SE 204th St (SB) relocated from Mon Oct 5 through Thu Dec 10 due to construction.",
        "description": "Affected routes:\r\n160\r\n\nGet on/off at:\r\nStop #57330 108th Ave SE & SE 201st St (SB)\r\nThe temporary stop on 108th Ave SE, just south of the closed stop (SB)\r\n",
        "url": "https://tripplanner.kingcounty.gov/#/app/nextdepartures/stoproutes/3570"
      }
    },
    {
      "type": "Feature",
      "geometry": {
        "type": "Point",
        "coordinates": [
          -122.36084,
          47.3103371
        ]
      },
      "properties": {
        "alert_id": "1_95824",
        "stop_id": "42420",
        "stop_name": "21st Ave SW & SW 325th Pl",
        "alert_type": "Stop Closure",
        "status": "ongoing",
        "header": "Stop #42420 21st Ave SW & SW 325th Pl (NB) closed from Tues Sep 29 to Fri Oct 23 7:00 PM to 6:00 AM nightly due to construction.",
        "description": "Affected routes:\r\n181\r\n\nGet on/off at:\r\nStop #42400 21st Ave SW & SW 330th St (NB)\r\nStop #83703 SW 320th St & 21st Ave SW (EB)",
        "url": "https://tripplanner.kingcounty.gov/#/app/nextdepartures/routeheadway/full/181/E"
      }
    },
    {
      "type": "Feature",
      "geometry": {
        "type": "Point",
        "coordinates": [
          -122.360825,
          47.2983437
        ]
      },
      "properties": {
        "alert_id": "1_95820",
        "stop_id": "42370",
        "stop_name": "21st Ave SW & SW 338th St",
        "alert_type": "Stop Closure",
        "status": "ongoing",
        "header": "Stop #42370 21st Ave SW & SW 338th St (NB) closed from Tues Sep 29 to Fri Oct 23 7:00 PM to 6:00 AM nightly due to construction.",
        "description": "Affected routes:\r\n181\r\n\nGet on/off at:\r\nStop #42358 21st Ave SW & SW 344th St (NB)\r\nStop #42380 21st Ave SW & SW 336th St (NB)",
        "url": "https://tripplanner.kingcounty.gov/#/app/nextdepartures/routeheadway/full/181/E"
      }
    },
    {
      "type": "Feature",
      "geometry": {
        "type": "Point",
        "coordinates": [
          -122.360794,
          47.3014107
        ]
      },
      "properties": {
        "alert_id": "1_95821",
        "stop_id": "42380",
        "stop_name": "21st Ave SW & SW 336th St",
        "alert_type": "Stop Closure",
        "status": "ongoing",
        "header": "Stop #42380 21st Ave SW & SW 336th St (NB) closed from Tues Sep 29 to Fri Oct 23 7:00 PM to 6:00 AM nightly due to construction.",
        "description": "Affected routes:\r\n181\r\n\nGet on/off at:\r\nStop #42370 21st Ave SW & SW 338th St (NB)\r\nStop #42390 21st Ave SW & SW 334th St (NB)",
        "url": "https://tripplanner.kingcounty.gov/#/app/nextdepartures/routeheadway/full/181/E"
      }
    },
    {
      "type": "Feature",
      "geometry": {
        "type": "Point",
        "coordinates": [
          -122.313339,
          47.6569481
        ]
      },
      "properties": {
        "alert_id": "1_96239",
        "stop_id": "9142",
        "stop_name": "University Way NE & NE 41st St",
        "alert_type": "Route Change",
        "status": "upcoming",
        "header": "Routes 75 and 77 will be rerouted in the U-district area from 7:00 AM to 10:00 PM on Sat Oct 10 due to The Ave for All.",
        "description": "Affected stops:\r\nStop #9132 University Way NE & NE 50th St (SB)\r\nStop #9133 University Way NE & NE 45th St (SB)\r\nStop #9134 U District Station - Bay 4 (SB)\r\nStop #9142 University Way NE & NE 41st St (SB)\r\nStop #9581 University Way NE & NE 41st St (NB)\r\nStop #9582 U District Station - Bay 5 (NB)\r\nStop #9584 University Way NE & NE 45th St (NB)\r\n\nGet on/off:\r\nFor Route 77 to Bitter Lake:\r\nStop #75405 Stevens Way NE & George Washington Ln (WB)\r\nStop #29440 15th Ave NE & NE Campus Pkwy (NB)\r\nStop #11352 15th Ave NE & NE 42nd St (NB)\r\nStop #36860 15th Ave NE & NE 45th St (NB)\r\nStop #36890 15th Ave NE & NE 52nd St (NB)\r\n\nFor Route 77 to University District:\r\nStop #35790 15th Ave NE & NE 52nd St (SB)\r\n\nFor Route 75 to Northgate:\r\nStop #35800 15th Ave NE & NE 50th St (SB)\r\nStop #35820 15th Ave NE & NE 45th St (SB)\r\nStop #10912 15th Ave NE & NE 43rd St (SB)\r\nStop #10914 15th Ave NE & NE Campus Pkwy (SB)\r\nStop #75418 West Stevens Way NE & Asotin Place (SB)",
        "url": "https://tripplanner.kingcounty.gov/#/app/nextdepartures"
      }
    },
    {
      "type": "Feature",
      "geometry": {
        "type": "Point",
        "coordinates": [
          -122.313187,
          47.664135
        ]
      },
      "properties": {
        "alert_id": "1_96239",
        "stop_id": "9132",
        "stop_name": "University Way NE & NE 50th St",
        "alert_type": "Route Change",
        "status": "upcoming",
        "header": "Routes 75 and 77 will be rerouted in the U-district area from 7:00 AM to 10:00 PM on Sat Oct 10 due to The Ave for All.",
        "description": "Affected stops:\r\nStop #9132 University Way NE & NE 50th St (SB)\r\nStop #9133 University Way NE & NE 45th St (SB)\r\nStop #9134 U District Station - Bay 4 (SB)\r\nStop #9142 University Way NE & NE 41st St (SB)\r\nStop #9581 University Way NE & NE 41st St (NB)\r\nStop #9582 U District Station - Bay 5 (NB)\r\nStop #9584 University Way NE & NE 45th St (NB)\r\n\nGet on/off:\r\nFor Route 77 to Bitter Lake:\r\nStop #75405 Stevens Way NE & George Washington Ln (WB)\r\nStop #29440 15th Ave NE & NE Campus Pkwy (NB)\r\nStop #11352 15th Ave NE & NE 42nd St (NB)\r\nStop #36860 15th Ave NE & NE 45th St (NB)\r\nStop #36890 15th Ave NE & NE 52nd St (NB)\r\n\nFor Route 77 to University District:\r\nStop #35790 15th Ave NE & NE 52nd St (SB)\r\n\nFor Route 75 to Northgate:\r\nStop #35800 15th Ave NE & NE 50th St (SB)\r\nStop #35820 15th Ave NE & NE 45th St (SB)\r\nStop #10912 15th Ave NE & NE 43rd St (SB)\r\nStop #10914 15th Ave NE & NE Campus Pkwy (SB)\r\nStop #75418 West Stevens Way NE & Asotin Place (SB)",
        "url": "https://tripplanner.kingcounty.gov/#/app/nextdepartures"
      }
    },
    {
      "type": "Feature",
      "geometry": {
        "type": "Point",
        "coordinates": [
          -122.313217,
          47.662281
        ]
      },
      "properties": {
        "alert_id": "1_96239",
        "stop_id": "9133",
        "stop_name": "University Way NE & NE 45th St",
        "alert_type": "Route Change",
        "status": "upcoming",
        "header": "Routes 75 and 77 will be rerouted in the U-district area from 7:00 AM to 10:00 PM on Sat Oct 10 due to The Ave for All.",
        "description": "Affected stops:\r\nStop #9132 University Way NE & NE 50th St (SB)\r\nStop #9133 University Way NE & NE 45th St (SB)\r\nStop #9134 U District Station - Bay 4 (SB)\r\nStop #9142 University Way NE & NE 41st St (SB)\r\nStop #9581 University Way NE & NE 41st St (NB)\r\nStop #9582 U District Station - Bay 5 (NB)\r\nStop #9584 University Way NE & NE 45th St (NB)\r\n\nGet on/off:\r\nFor Route 77 to Bitter Lake:\r\nStop #75405 Stevens Way NE & George Washington Ln (WB)\r\nStop #29440 15th Ave NE & NE Campus Pkwy (NB)\r\nStop #11352 15th Ave NE & NE 42nd St (NB)\r\nStop #36860 15th Ave NE & NE 45th St (NB)\r\nStop #36890 15th Ave NE & NE 52nd St (NB)\r\n\nFor Route 77 to University District:\r\nStop #35790 15th Ave NE & NE 52nd St (SB)\r\n\nFor Route 75 to Northgate:\r\nStop #35800 15th Ave NE & NE 50th St (SB)\r\nStop #35820 15th Ave NE & NE 45th St (SB)\r\nStop #10912 15th Ave NE & NE 43rd St (SB)\r\nStop #10914 15th Ave NE & NE Campus Pkwy (SB)\r\nStop #75418 West Stevens Way NE & Asotin Place (SB)",
        "url": "https://tripplanner.kingcounty.gov/#/app/nextdepartures"
      }
    },
    {
      "type": "Feature",
      "geometry": {
        "type": "Point",
        "coordinates": [
          -122.313133,
          47.6573868
        ]
      },
      "properties": {
        "alert_id": "1_96239",
        "stop_id": "9581",
        "stop_name": "University Way NE & NE 41st St",
        "alert_type": "Route Change",
        "status": "upcoming",
        "header": "Routes 75 and 77 will be rerouted in the U-district area from 7:00 AM to 10:00 PM on Sat Oct 10 due to The Ave for All.",
        "description": "Affected stops:\r\nStop #9132 University Way NE & NE 50th St (SB)\r\nStop #9133 University Way NE & NE 45th St (SB)\r\nStop #9134 U District Station - Bay 4 (SB)\r\nStop #9142 University Way NE & NE 41st St (SB)\r\nStop #9581 University Way NE & NE 41st St (NB)\r\nStop #9582 U District Station - Bay 5 (NB)\r\nStop #9584 University Way NE & NE 45th St (NB)\r\n\nGet on/off:\r\nFor Route 77 to Bitter Lake:\r\nStop #75405 Stevens Way NE & George Washington Ln (WB)\r\nStop #29440 15th Ave NE & NE Campus Pkwy (NB)\r\nStop #11352 15th Ave NE & NE 42nd St (NB)\r\nStop #36860 15th Ave NE & NE 45th St (NB)\r\nStop #36890 15th Ave NE & NE 52nd St (NB)\r\n\nFor Route 77 to University District:\r\nStop #35790 15th Ave NE & NE 52nd St (SB)\r\n\nFor Route 75 to Northgate:\r\nStop #35800 15th Ave NE & NE 50th St (SB)\r\nStop #35820 15th Ave NE & NE 45th St (SB)\r\nStop #10912 15th Ave NE & NE 43rd St (SB)\r\nStop #10914 15th Ave NE & NE Campus Pkwy (SB)\r\nStop #75418 West Stevens Way NE & Asotin Place (SB)",
        "url": "https://tripplanner.kingcounty.gov/#/app/nextdepartures"
      }
    },
    {
      "type": "Feature",
      "geometry": {
        "type": "Point",
        "coordinates": [
          -122.313065,
          47.6596832
        ]
      },
      "properties": {
        "alert_id": "1_96239",
        "stop_id": "9582",
        "stop_name": "U District Station - Bay 5",
        "alert_type": "Route Change",
        "status": "upcoming",
        "header": "Routes 75 and 77 will be rerouted in the U-district area from 7:00 AM to 10:00 PM on Sat Oct 10 due to The Ave for All.",
        "description": "Affected stops:\r\nStop #9132 University Way NE & NE 50th St (SB)\r\nStop #9133 University Way NE & NE 45th St (SB)\r\nStop #9134 U District Station - Bay 4 (SB)\r\nStop #9142 University Way NE & NE 41st St (SB)\r\nStop #9581 University Way NE & NE 41st St (NB)\r\nStop #9582 U District Station - Bay 5 (NB)\r\nStop #9584 University Way NE & NE 45th St (NB)\r\n\nGet on/off:\r\nFor Route 77 to Bitter Lake:\r\nStop #75405 Stevens Way NE & George Washington Ln (WB)\r\nStop #29440 15th Ave NE & NE Campus Pkwy (NB)\r\nStop #11352 15th Ave NE & NE 42nd St (NB)\r\nStop #36860 15th Ave NE & NE 45th St (NB)\r\nStop #36890 15th Ave NE & NE 52nd St (NB)\r\n\nFor Route 77 to University District:\r\nStop #35790 15th Ave NE & NE 52nd St (SB)\r\n\nFor Route 75 to Northgate:\r\nStop #35800 15th Ave NE & NE 50th St (SB)\r\nStop #35820 15th Ave NE & NE 45th St (SB)\r\nStop #10912 15th Ave NE & NE 43rd St (SB)\r\nStop #10914 15th Ave NE & NE Campus Pkwy (SB)\r\nStop #75418 West Stevens Way NE & Asotin Place (SB)",
        "url": "https://tripplanner.kingcounty.gov/#/app/nextdepartures"
      }
    },
    {
      "type": "Feature",
      "geometry": {
        "type": "Point",
        "coordinates": [
          -122.313187,
          47.664135
        ]
      },
      "properties": {
        "alert_id": "1_96239",
        "stop_id": "9132",
        "stop_name": "University Way NE & NE 50th St",
        "alert_type": "Route Change",
        "status": "upcoming",
        "header": "Routes 75 and 77 will be rerouted in the U-district area from 7:00 AM to 10:00 PM on Sat Oct 10 due to The Ave for All.",
        "description": "Affected stops:\r\nStop #9132 University Way NE & NE 50th St (SB)\r\nStop #9133 University Way NE & NE 45th St (SB)\r\nStop #9134 U District Station - Bay 4 (SB)\r\nStop #9142 University Way NE & NE 41st St (SB)\r\nStop #9581 University Way NE & NE 41st St (NB)\r\nStop #9582 U District Station - Bay 5 (NB)\r\nStop #9584 University Way NE & NE 45th St (NB)\r\n\nGet on/off:\r\nFor Route 77 to Bitter Lake:\r\nStop #75405 Stevens Way NE & George Washington Ln (WB)\r\nStop #29440 15th Ave NE & NE Campus Pkwy (NB)\r\nStop #11352 15th Ave NE & NE 42nd St (NB)\r\nStop #36860 15th Ave NE & NE 45th St (NB)\r\nStop #36890 15th Ave NE & NE 52nd St (NB)\r\n\nFor Route 77 to University District:\r\nStop #35790 15th Ave NE & NE 52nd St (SB)\r\n\nFor Route 75 to Northgate:\r\nStop #35800 15th Ave NE & NE 50th St (SB)\r\nStop #35820 15th Ave NE & NE 45th St (SB)\r\nStop #10912 15th Ave NE & NE 43rd St (SB)\r\nStop #10914 15th Ave NE & NE Campus Pkwy (SB)\r\nStop #75418 West Stevens Way NE & Asotin Place (SB)",
        "url": "https://tripplanner.kingcounty.gov/#/app/nextdepartures"
      }
    },
    {
      "type": "Feature",
      "geometry": {
        "type": "Point",
        "coordinates": [
          -122.313255,
          47.6600723
        ]
      },
      "properties": {
        "alert_id": "1_96239",
        "stop_id": "9134",
        "stop_name": "U District Station - Bay 4",
        "alert_type": "Route Change",
        "status": "upcoming",
        "header": "Routes 75 and 77 will be rerouted in the U-district area from 7:00 AM to 10:00 PM on Sat Oct 10 due to The Ave for All.",
        "description": "Affected stops:\r\nStop #9132 University Way NE & NE 50th St (SB)\r\nStop #9133 University Way NE & NE 45th St (SB)\r\nStop #9134 U District Station - Bay 4 (SB)\r\nStop #9142 University Way NE & NE 41st St (SB)\r\nStop #9581 University Way NE & NE 41st St (NB)\r\nStop #9582 U District Station - Bay 5 (NB)\r\nStop #9584 University Way NE & NE 45th St (NB)\r\n\nGet on/off:\r\nFor Route 77 to Bitter Lake:\r\nStop #75405 Stevens Way NE & George Washington Ln (WB)\r\nStop #29440 15th Ave NE & NE Campus Pkwy (NB)\r\nStop #11352 15th Ave NE & NE 42nd St (NB)\r\nStop #36860 15th Ave NE & NE 45th St (NB)\r\nStop #36890 15th Ave NE & NE 52nd St (NB)\r\n\nFor Route 77 to University District:\r\nStop #35790 15th Ave NE & NE 52nd St (SB)\r\n\nFor Route 75 to Northgate:\r\nStop #35800 15th Ave NE & NE 50th St (SB)\r\nStop #35820 15th Ave NE & NE 45th St (SB)\r\nStop #10912 15th Ave NE & NE 43rd St (SB)\r\nStop #10914 15th Ave NE & NE Campus Pkwy (SB)\r\nStop #75418 West Stevens Way NE & Asotin Place (SB)",
        "url": "https://tripplanner.kingcounty.gov/#/app/nextdepartures"
      }
    },
    {
      "type": "Feature",
      "geometry": {
        "type": "Point",
        "coordinates": [
          -122.313011,
          47.6620674
        ]
      },
      "properties": {
        "alert_id": "1_96239",
        "stop_id": "9584",
        "stop_name": "University Way NE & NE 45th St",
        "alert_type": "Route Change",
        "status": "upcoming",
        "header": "Routes 75 and 77 will be rerouted in the U-district area from 7:00 AM to 10:00 PM on Sat Oct 10 due to The Ave for All.",
        "description": "Affected stops:\r\nStop #9132 University Way NE & NE 50th St (SB)\r\nStop #9133 University Way NE & NE 45th St (SB)\r\nStop #9134 U District Station - Bay 4 (SB)\r\nStop #9142 University Way NE & NE 41st St (SB)\r\nStop #9581 University Way NE & NE 41st St (NB)\r\nStop #9582 U District Station - Bay 5 (NB)\r\nStop #9584 University Way NE & NE 45th St (NB)\r\n\nGet on/off:\r\nFor Route 77 to Bitter Lake:\r\nStop #75405 Stevens Way NE & George Washington Ln (WB)\r\nStop #29440 15th Ave NE & NE Campus Pkwy (NB)\r\nStop #11352 15th Ave NE & NE 42nd St (NB)\r\nStop #36860 15th Ave NE & NE 45th St (NB)\r\nStop #36890 15th Ave NE & NE 52nd St (NB)\r\n\nFor Route 77 to University District:\r\nStop #35790 15th Ave NE & NE 52nd St (SB)\r\n\nFor Route 75 to Northgate:\r\nStop #35800 15th Ave NE & NE 50th St (SB)\r\nStop #35820 15th Ave NE & NE 45th St (SB)\r\nStop #10912 15th Ave NE & NE 43rd St (SB)\r\nStop #10914 15th Ave NE & NE Campus Pkwy (SB)\r\nStop #75418 West Stevens Way NE & Asotin Place (SB)",
        "url": "https://tripplanner.kingcounty.gov/#/app/nextdepartures"
      }
    },
    {
      "type": "Feature",
      "geometry": {
        "type": "Point",
        "coordinates": [
          -122.360809,
          47.3031883
        ]
      },
      "properties": {
        "alert_id": "1_95822",
        "stop_id": "42390",
        "stop_name": "21st Ave SW & SW 334th St",
        "alert_type": "Stop Closure",
        "status": "ongoing",
        "header": "Stop #42390 21st Ave SW & SW 334th St (NB) closed from Tues Sep 29 to Fri Oct 23 7:00 PM to 6:00 AM nightly due to construction.",
        "description": "Affected routes:\r\n181\r\n\nGet on/off at:\r\nStop #42380 21st Ave SW & SW 336th St (NB)\r\nStop #42400 21st Ave SW & SW 330th St (NB)",
        "url": "https://tripplanner.kingcounty.gov/#/app/nextdepartures/routeheadway/full/181/E"
      }
    },
    {
      "type": "Feature",
      "geometry": {
        "type": "Point",
        "coordinates": [
          -122.360825,
          47.3057594
        ]
      },
      "properties": {
        "alert_id": "1_95823",
        "stop_id": "42400",
        "stop_name": "21st Ave SW & SW 330th St",
        "alert_type": "Stop Closure",
        "status": "ongoing",
        "header": "Stop #42400 21st Ave SW & SW 330th St (NB) closed from Tues Sep 29 to Fri Oct 23 7:00 PM to 6:00 AM nightly due to construction.",
        "description": "Affected routes:\r\n181\r\n\nGet on/off at:\r\nStop #42390 21st Ave SW & SW 334th St (NB)\r\nStop #42420 21st Ave SW & SW 325th Pl (NB)",
        "url": "https://tripplanner.kingcounty.gov/#/app/nextdepartures/routeheadway/full/181/E"
      }
    },
    {
      "type": "Feature",
      "geometry": {
        "type": "Point",
        "coordinates": [
          -122.336334,
          47.6130257
        ]
      },
      "properties": {
        "alert_id": "1_96358",
        "stop_id": "1040",
        "stop_name": "Olive Way & 6th Ave",
        "alert_type": "Route Change",
        "status": "upcoming",
        "header": "Routes 101 and 150 will be rerouted in the Downtown Seattle area from 7:30 AM to 1:00 PM on Sat Oct 10 due to the Puget Sound Heart & Stroke Walk.",
        "description": "Affected stops:\r\nStop #30635 4th Ave S & S Royal Brougham Way (NB)\r\nStop #620 4th Ave S & S Jackson St (NB)\r\nStop #640 4th Ave & James St (NB)\r\nStop #660 4th Ave & Madison St (NB)\r\nStop #691 4th Ave & Union St (NB)\r\nStop #700 4th Ave & Pike St (NB)\r\nStop #1040 Olive Way & 6th Ave (EB)\r\nStop #970 Stewart St & 4th Ave (WB)\r\nStop #280 2nd Ave & Stewart St (SB)\r\nStop #312 2nd Ave & University St\r\nStop #340 2nd Ave & Marion St (SB)\r\n\nGet on/off at:\r\nFor Routes 101 and 150 to Downtown Seattle:\r\nStop #99267 SODO Busway & S Royal Brougham Way (NB)\r\nThe temporary stop on 5th Ave S, just south of S Main St (NB)\r\nThe temporary stop on 5th Ave, just south of James St (NB)\r\nThe temporary stop on 5th Ave, just south of Marion St (NB)\r\nThe temporary stop on 6th Ave, just north of Seneca St (NB)\r\nThe temporary stop on 6th Ave, just south of Pine St (NB)\r\nStop #1050 Olive Way & 8th Ave (EB)\r\n\nFor Routes 101 to Renton TC and 150 to Kent:\r\nStop #950 Stewart St & 7th Ave (WB)\r\nStop #361 2nd Ave & James St (SB)\r\n",
        "url": "https://tripplanner.kingcounty.gov/#/app/tripplanning"
      }
    },
    {
      "type": "Feature",
      "geometry": {
        "type": "Point",
        "coordinates": [
          -122.328957,
          47.5933418
        ]
      },
      "properties": {
        "alert_id": "1_96358",
        "stop_id": "30635",
        "stop_name": "4th Ave S & S Royal Brougham Way",
        "alert_type": "Route Change",
        "status": "upcoming",
        "header": "Routes 101 and 150 will be rerouted in the Downtown Seattle area from 7:30 AM to 1:00 PM on Sat Oct 10 due to the Puget Sound Heart & Stroke Walk.",
        "description": "Affected stops:\r\nStop #30635 4th Ave S & S Royal Brougham Way (NB)\r\nStop #620 4th Ave S & S Jackson St (NB)\r\nStop #640 4th Ave & James St (NB)\r\nStop #660 4th Ave & Madison St (NB)\r\nStop #691 4th Ave & Union St (NB)\r\nStop #700 4th Ave & Pike St (NB)\r\nStop #1040 Olive Way & 6th Ave (EB)\r\nStop #970 Stewart St & 4th Ave (WB)\r\nStop #280 2nd Ave & Stewart St (SB)\r\nStop #312 2nd Ave & University St\r\nStop #340 2nd Ave & Marion St (SB)\r\n\nGet on/off at:\r\nFor Routes 101 and 150 to Downtown Seattle:\r\nStop #99267 SODO Busway & S Royal Brougham Way (NB)\r\nThe temporary stop on 5th Ave S, just south of S Main St (NB)\r\nThe temporary stop on 5th Ave, just south of James St (NB)\r\nThe temporary stop on 5th Ave, just south of Marion St (NB)\r\nThe temporary stop on 6th Ave, just north of Seneca St (NB)\r\nThe temporary stop on 6th Ave, just south of Pine St (NB)\r\nStop #1050 Olive Way & 8th Ave (EB)\r\n\nFor Routes 101 to Renton TC and 150 to Kent:\r\nStop #950 Stewart St & 7th Ave (WB)\r\nStop #361 2nd Ave & James St (SB)\r\n",
        "url": "https://tripplanner.kingcounty.gov/#/app/tripplanning"
      }
    },
    {
      "type": "Feature",
      "geometry": {
        "type": "Point",
        "coordinates": [
          -122.33271,
          47.6060066
        ]
      },
      "properties": {
        "alert_id": "1_96358",
        "stop_id": "660",
        "stop_name": "4th Ave & Madison St",
        "alert_type": "Route Change",
        "status": "upcoming",
        "header": "Routes 101 and 150 will be rerouted in the Downtown Seattle area from 7:30 AM to 1:00 PM on Sat Oct 10 due to the Puget Sound Heart & Stroke Walk.",
        "description": "Affected stops:\r\nStop #30635 4th Ave S & S Royal Brougham Way (NB)\r\nStop #620 4th Ave S & S Jackson St (NB)\r\nStop #640 4th Ave & James St (NB)\r\nStop #660 4th Ave & Madison St (NB)\r\nStop #691 4th Ave & Union St (NB)\r\nStop #700 4th Ave & Pike St (NB)\r\nStop #1040 Olive Way & 6th Ave (EB)\r\nStop #970 Stewart St & 4th Ave (WB)\r\nStop #280 2nd Ave & Stewart St (SB)\r\nStop #312 2nd Ave & University St\r\nStop #340 2nd Ave & Marion St (SB)\r\n\nGet on/off at:\r\nFor Routes 101 and 150 to Downtown Seattle:\r\nStop #99267 SODO Busway & S Royal Brougham Way (NB)\r\nThe temporary stop on 5th Ave S, just south of S Main St (NB)\r\nThe temporary stop on 5th Ave, just south of James St (NB)\r\nThe temporary stop on 5th Ave, just south of Marion St (NB)\r\nThe temporary stop on 6th Ave, just north of Seneca St (NB)\r\nThe temporary stop on 6th Ave, just south of Pine St (NB)\r\nStop #1050 Olive Way & 8th Ave (EB)\r\n\nFor Routes 101 to Renton TC and 150 to Kent:\r\nStop #950 Stewart St & 7th Ave (WB)\r\nStop #361 2nd Ave & James St (SB)\r\n",
        "url": "https://tripplanner.kingcounty.gov/#/app/tripplanning"
      }
    },
    {
      "type": "Feature",
      "geometry": {
        "type": "Point",
        "coordinates": [
          -122.340248,
          47.6106148
        ]
      },
      "properties": {
        "alert_id": "1_96358",
        "stop_id": "280",
        "stop_name": "2nd Ave & Stewart St",
        "alert_type": "Route Change",
        "status": "upcoming",
        "header": "Routes 101 and 150 will be rerouted in the Downtown Seattle area from 7:30 AM to 1:00 PM on Sat Oct 10 due to the Puget Sound Heart & Stroke Walk.",
        "description": "Affected stops:\r\nStop #30635 4th Ave S & S Royal Brougham Way (NB)\r\nStop #620 4th Ave S & S Jackson St (NB)\r\nStop #640 4th Ave & James St (NB)\r\nStop #660 4th Ave & Madison St (NB)\r\nStop #691 4th Ave & Union St (NB)\r\nStop #700 4th Ave & Pike St (NB)\r\nStop #1040 Olive Way & 6th Ave (EB)\r\nStop #970 Stewart St & 4th Ave (WB)\r\nStop #280 2nd Ave & Stewart St (SB)\r\nStop #312 2nd Ave & University St\r\nStop #340 2nd Ave & Marion St (SB)\r\n\nGet on/off at:\r\nFor Routes 101 and 150 to Downtown Seattle:\r\nStop #99267 SODO Busway & S Royal Brougham Way (NB)\r\nThe temporary stop on 5th Ave S, just south of S Main St (NB)\r\nThe temporary stop on 5th Ave, just south of James St (NB)\r\nThe temporary stop on 5th Ave, just south of Marion St (NB)\r\nThe temporary stop on 6th Ave, just north of Seneca St (NB)\r\nThe temporary stop on 6th Ave, just south of Pine St (NB)\r\nStop #1050 Olive Way & 8th Ave (EB)\r\n\nFor Routes 101 to Renton TC and 150 to Kent:\r\nStop #950 Stewart St & 7th Ave (WB)\r\nStop #361 2nd Ave & James St (SB)\r\n",
        "url": "https://tripplanner.kingcounty.gov/#/app/tripplanning"
      }
    },
    {
      "type": "Feature",
      "geometry": {
        "type": "Point",
        "coordinates": [
          -122.33271,
          47.6060066
        ]
      },
      "properties": {
        "alert_id": "1_96358",
        "stop_id": "660",
        "stop_name": "4th Ave & Madison St",
        "alert_type": "Route Change",
        "status": "upcoming",
        "header": "Routes 101 and 150 will be rerouted in the Downtown Seattle area from 7:30 AM to 1:00 PM on Sat Oct 10 due to the Puget Sound Heart & Stroke Walk.",
        "description": "Affected stops:\r\nStop #30635 4th Ave S & S Royal Brougham Way (NB)\r\nStop #620 4th Ave S & S Jackson St (NB)\r\nStop #640 4th Ave & James St (NB)\r\nStop #660 4th Ave & Madison St (NB)\r\nStop #691 4th Ave & Union St (NB)\r\nStop #700 4th Ave & Pike St (NB)\r\nStop #1040 Olive Way & 6th Ave (EB)\r\nStop #970 Stewart St & 4th Ave (WB)\r\nStop #280 2nd Ave & Stewart St (SB)\r\nStop #312 2nd Ave & University St\r\nStop #340 2nd Ave & Marion St (SB)\r\n\nGet on/off at:\r\nFor Routes 101 and 150 to Downtown Seattle:\r\nStop #99267 SODO Busway & S Royal Brougham Way (NB)\r\nThe temporary stop on 5th Ave S, just south of S Main St (NB)\r\nThe temporary stop on 5th Ave, just south of James St (NB)\r\nThe temporary stop on 5th Ave, just south of Marion St (NB)\r\nThe temporary stop on 6th Ave, just north of Seneca St (NB)\r\nThe temporary stop on 6th Ave, just south of Pine St (NB)\r\nStop #1050 Olive Way & 8th Ave (EB)\r\n\nFor Routes 101 to Renton TC and 150 to Kent:\r\nStop #950 Stewart St & 7th Ave (WB)\r\nStop #361 2nd Ave & James St (SB)\r\n",
        "url": "https://tripplanner.kingcounty.gov/#/app/tripplanning"
      }
    },
    {
      "type": "Feature",
      "geometry": {
        "type": "Point",
        "coordinates": [
          -122.335609,
          47.6091614
        ]
      },
      "properties": {
        "alert_id": "1_96358",
        "stop_id": "691",
        "stop_name": "4th Ave & Union St",
        "alert_type": "Route Change",
        "status": "upcoming",
        "header": "Routes 101 and 150 will be rerouted in the Downtown Seattle area from 7:30 AM to 1:00 PM on Sat Oct 10 due to the Puget Sound Heart & Stroke Walk.",
        "description": "Affected stops:\r\nStop #30635 4th Ave S & S Royal Brougham Way (NB)\r\nStop #620 4th Ave S & S Jackson St (NB)\r\nStop #640 4th Ave & James St (NB)\r\nStop #660 4th Ave & Madison St (NB)\r\nStop #691 4th Ave & Union St (NB)\r\nStop #700 4th Ave & Pike St (NB)\r\nStop #1040 Olive Way & 6th Ave (EB)\r\nStop #970 Stewart St & 4th Ave (WB)\r\nStop #280 2nd Ave & Stewart St (SB)\r\nStop #312 2nd Ave & University St\r\nStop #340 2nd Ave & Marion St (SB)\r\n\nGet on/off at:\r\nFor Routes 101 and 150 to Downtown Seattle:\r\nStop #99267 SODO Busway & S Royal Brougham Way (NB)\r\nThe temporary stop on 5th Ave S, just south of S Main St (NB)\r\nThe temporary stop on 5th Ave, just south of James St (NB)\r\nThe temporary stop on 5th Ave, just south of Marion St (NB)\r\nThe temporary stop on 6th Ave, just north of Seneca St (NB)\r\nThe temporary stop on 6th Ave, just south of Pine St (NB)\r\nStop #1050 Olive Way & 8th Ave (EB)\r\n\nFor Routes 101 to Renton TC and 150 to Kent:\r\nStop #950 Stewart St & 7th Ave (WB)\r\nStop #361 2nd Ave & James St (SB)\r\n",
        "url": "https://tripplanner.kingcounty.gov/#/app/tripplanning"
      }
    },
    {
      "type": "Feature",
      "geometry": {
        "type": "Point",
        "coordinates": [
          -122.339272,
          47.6119919
        ]
      },
      "properties": {
        "alert_id": "1_96358",
        "stop_id": "970",
        "stop_name": "Stewart St & 4th Ave",
        "alert_type": "Route Change",
        "status": "upcoming",
        "header": "Routes 101 and 150 will be rerouted in the Downtown Seattle area from 7:30 AM to 1:00 PM on Sat Oct 10 due to the Puget Sound Heart & Stroke Walk.",
        "description": "Affected stops:\r\nStop #30635 4th Ave S & S Royal Brougham Way (NB)\r\nStop #620 4th Ave S & S Jackson St (NB)\r\nStop #640 4th Ave & James St (NB)\r\nStop #660 4th Ave & Madison St (NB)\r\nStop #691 4th Ave & Union St (NB)\r\nStop #700 4th Ave & Pike St (NB)\r\nStop #1040 Olive Way & 6th Ave (EB)\r\nStop #970 Stewart St & 4th Ave (WB)\r\nStop #280 2nd Ave & Stewart St (SB)\r\nStop #312 2nd Ave & University St\r\nStop #340 2nd Ave & Marion St (SB)\r\n\nGet on/off at:\r\nFor Routes 101 and 150 to Downtown Seattle:\r\nStop #99267 SODO Busway & S Royal Brougham Way (NB)\r\nThe temporary stop on 5th Ave S, just south of S Main St (NB)\r\nThe temporary stop on 5th Ave, just south of James St (NB)\r\nThe temporary stop on 5th Ave, just south of Marion St (NB)\r\nThe temporary stop on 6th Ave, just north of Seneca St (NB)\r\nThe temporary stop on 6th Ave, just south of Pine St (NB)\r\nStop #1050 Olive Way & 8th Ave (EB)\r\n\nFor Routes 101 to Renton TC and 150 to Kent:\r\nStop #950 Stewart St & 7th Ave (WB)\r\nStop #361 2nd Ave & James St (SB)\r\n",
        "url": "https://tripplanner.kingcounty.gov/#/app/tripplanning"
      }
    },
    {
      "type": "Feature",
      "geometry": {
        "type": "Point",
        "coordinates": [
          -122.339272,
          47.6119919
        ]
      },
      "properties": {
        "alert_id": "1_96358",
        "stop_id": "970",
        "stop_name": "Stewart St & 4th Ave",
        "alert_type": "Route Change",
        "status": "upcoming",
        "header": "Routes 101 and 150 will be rerouted in the Downtown Seattle area from 7:30 AM to 1:00 PM on Sat Oct 10 due to the Puget Sound Heart & Stroke Walk.",
        "description": "Affected stops:\r\nStop #30635 4th Ave S & S Royal Brougham Way (NB)\r\nStop #620 4th Ave S & S Jackson St (NB)\r\nStop #640 4th Ave & James St (NB)\r\nStop #660 4th Ave & Madison St (NB)\r\nStop #691 4th Ave & Union St (NB)\r\nStop #700 4th Ave & Pike St (NB)\r\nStop #1040 Olive Way & 6th Ave (EB)\r\nStop #970 Stewart St & 4th Ave (WB)\r\nStop #280 2nd Ave & Stewart St (SB)\r\nStop #312 2nd Ave & University St\r\nStop #340 2nd Ave & Marion St (SB)\r\n\nGet on/off at:\r\nFor Routes 101 and 150 to Downtown Seattle:\r\nStop #99267 SODO Busway & S Royal Brougham Way (NB)\r\nThe temporary stop on 5th Ave S, just south of S Main St (NB)\r\nThe temporary stop on 5th Ave, just south of James St (NB)\r\nThe temporary stop on 5th Ave, just south of Marion St (NB)\r\nThe temporary stop on 6th Ave, just north of Seneca St (NB)\r\nThe temporary stop on 6th Ave, just south of Pine St (NB)\r\nStop #1050 Olive Way & 8th Ave (EB)\r\n\nFor Routes 101 to Renton TC and 150 to Kent:\r\nStop #950 Stewart St & 7th Ave (WB)\r\nStop #361 2nd Ave & James St (SB)\r\n",
        "url": "https://tripplanner.kingcounty.gov/#/app/tripplanning"
      }
    },
    {
      "type": "Feature",
      "geometry": {
        "type": "Point",
        "coordinates": [
          -122.329979,
          47.6030121
        ]
      },
      "properties": {
        "alert_id": "1_96358",
        "stop_id": "640",
        "stop_name": "4th Ave & James St",
        "alert_type": "Route Change",
        "status": "upcoming",
        "header": "Routes 101 and 150 will be rerouted in the Downtown Seattle area from 7:30 AM to 1:00 PM on Sat Oct 10 due to the Puget Sound Heart & Stroke Walk.",
        "description": "Affected stops:\r\nStop #30635 4th Ave S & S Royal Brougham Way (NB)\r\nStop #620 4th Ave S & S Jackson St (NB)\r\nStop #640 4th Ave & James St (NB)\r\nStop #660 4th Ave & Madison St (NB)\r\nStop #691 4th Ave & Union St (NB)\r\nStop #700 4th Ave & Pike St (NB)\r\nStop #1040 Olive Way & 6th Ave (EB)\r\nStop #970 Stewart St & 4th Ave (WB)\r\nStop #280 2nd Ave & Stewart St (SB)\r\nStop #312 2nd Ave & University St\r\nStop #340 2nd Ave & Marion St (SB)\r\n\nGet on/off at:\r\nFor Routes 101 and 150 to Downtown Seattle:\r\nStop #99267 SODO Busway & S Royal Brougham Way (NB)\r\nThe temporary stop on 5th Ave S, just south of S Main St (NB)\r\nThe temporary stop on 5th Ave, just south of James St (NB)\r\nThe temporary stop on 5th Ave, just south of Marion St (NB)\r\nThe temporary stop on 6th Ave, just north of Seneca St (NB)\r\nThe temporary stop on 6th Ave, just south of Pine St (NB)\r\nStop #1050 Olive Way & 8th Ave (EB)\r\n\nFor Routes 101 to Renton TC and 150 to Kent:\r\nStop #950 Stewart St & 7th Ave (WB)\r\nStop #361 2nd Ave & James St (SB)\r\n",
        "url": "https://tripplanner.kingcounty.gov/#/app/tripplanning"
      }
    },
    {
      "type": "Feature",
      "geometry": {
        "type": "Point",
        "coordinates": [
          -122.336334,
          47.6130257
        ]
      },
      "properties": {
        "alert_id": "1_96358",
        "stop_id": "1040",
        "stop_name": "Olive Way & 6th Ave",
        "alert_type": "Route Change",
        "status": "upcoming",
        "header": "Routes 101 and 150 will be rerouted in the Downtown Seattle area from 7:30 AM to 1:00 PM on Sat Oct 10 due to the Puget Sound Heart & Stroke Walk.",
        "description": "Affected stops:\r\nStop #30635 4th Ave S & S Royal Brougham Way (NB)\r\nStop #620 4th Ave S & S Jackson St (NB)\r\nStop #640 4th Ave & James St (NB)\r\nStop #660 4th Ave & Madison St (NB)\r\nStop #691 4th Ave & Union St (NB)\r\nStop #700 4th Ave & Pike St (NB)\r\nStop #1040 Olive Way & 6th Ave (EB)\r\nStop #970 Stewart St & 4th Ave (WB)\r\nStop #280 2nd Ave & Stewart St (SB)\r\nStop #312 2nd Ave & University St\r\nStop #340 2nd Ave & Marion St (SB)\r\n\nGet on/off at:\r\nFor Routes 101 and 150 to Downtown Seattle:\r\nStop #99267 SODO Busway & S Royal Brougham Way (NB)\r\nThe temporary stop on 5th Ave S, just south of S Main St (NB)\r\nThe temporary stop on 5th Ave, just south of James St (NB)\r\nThe temporary stop on 5th Ave, just south of Marion St (NB)\r\nThe temporary stop on 6th Ave, just north of Seneca St (NB)\r\nThe temporary stop on 6th Ave, just south of Pine St (NB)\r\nStop #1050 Olive Way & 8th Ave (EB)\r\n\nFor Routes 101 to Renton TC and 150 to Kent:\r\nStop #950 Stewart St & 7th Ave (WB)\r\nStop #361 2nd Ave & James St (SB)\r\n",
        "url": "https://tripplanner.kingcounty.gov/#/app/tripplanning"
      }
    },
    {
      "type": "Feature",
      "geometry": {
        "type": "Point",
        "coordinates": [
          -122.335609,
          47.6091614
        ]
      },
      "properties": {
        "alert_id": "1_96358",
        "stop_id": "691",
        "stop_name": "4th Ave & Union St",
        "alert_type": "Route Change",
        "status": "upcoming",
        "header": "Routes 101 and 150 will be rerouted in the Downtown Seattle area from 7:30 AM to 1:00 PM on Sat Oct 10 due to the Puget Sound Heart & Stroke Walk.",
        "description": "Affected stops:\r\nStop #30635 4th Ave S & S Royal Brougham Way (NB)\r\nStop #620 4th Ave S & S Jackson St (NB)\r\nStop #640 4th Ave & James St (NB)\r\nStop #660 4th Ave & Madison St (NB)\r\nStop #691 4th Ave & Union St (NB)\r\nStop #700 4th Ave & Pike St (NB)\r\nStop #1040 Olive Way & 6th Ave (EB)\r\nStop #970 Stewart St & 4th Ave (WB)\r\nStop #280 2nd Ave & Stewart St (SB)\r\nStop #312 2nd Ave & University St\r\nStop #340 2nd Ave & Marion St (SB)\r\n\nGet on/off at:\r\nFor Routes 101 and 150 to Downtown Seattle:\r\nStop #99267 SODO Busway & S Royal Brougham Way (NB)\r\nThe temporary stop on 5th Ave S, just south of S Main St (NB)\r\nThe temporary stop on 5th Ave, just south of James St (NB)\r\nThe temporary stop on 5th Ave, just south of Marion St (NB)\r\nThe temporary stop on 6th Ave, just north of Seneca St (NB)\r\nThe temporary stop on 6th Ave, just south of Pine St (NB)\r\nStop #1050 Olive Way & 8th Ave (EB)\r\n\nFor Routes 101 to Renton TC and 150 to Kent:\r\nStop #950 Stewart St & 7th Ave (WB)\r\nStop #361 2nd Ave & James St (SB)\r\n",
        "url": "https://tripplanner.kingcounty.gov/#/app/tripplanning"
      }
    },
    {
      "type": "Feature",
      "geometry": {
        "type": "Point",
        "coordinates": [
          -122.328903,
          47.5988121
        ]
      },
      "properties": {
        "alert_id": "1_96358",
        "stop_id": "620",
        "stop_name": "4th Ave S & S Jackson St",
        "alert_type": "Route Change",
        "status": "upcoming",
        "header": "Routes 101 and 150 will be rerouted in the Downtown Seattle area from 7:30 AM to 1:00 PM on Sat Oct 10 due to the Puget Sound Heart & Stroke Walk.",
        "description": "Affected stops:\r\nStop #30635 4th Ave S & S Royal Brougham Way (NB)\r\nStop #620 4th Ave S & S Jackson St (NB)\r\nStop #640 4th Ave & James St (NB)\r\nStop #660 4th Ave & Madison St (NB)\r\nStop #691 4th Ave & Union St (NB)\r\nStop #700 4th Ave & Pike St (NB)\r\nStop #1040 Olive Way & 6th Ave (EB)\r\nStop #970 Stewart St & 4th Ave (WB)\r\nStop #280 2nd Ave & Stewart St (SB)\r\nStop #312 2nd Ave & University St\r\nStop #340 2nd Ave & Marion St (SB)\r\n\nGet on/off at:\r\nFor Routes 101 and 150 to Downtown Seattle:\r\nStop #99267 SODO Busway & S Royal Brougham Way (NB)\r\nThe temporary stop on 5th Ave S, just south of S Main St (NB)\r\nThe temporary stop on 5th Ave, just south of James St (NB)\r\nThe temporary stop on 5th Ave, just south of Marion St (NB)\r\nThe temporary stop on 6th Ave, just north of Seneca St (NB)\r\nThe temporary stop on 6th Ave, just south of Pine St (NB)\r\nStop #1050 Olive Way & 8th Ave (EB)\r\n\nFor Routes 101 to Renton TC and 150 to Kent:\r\nStop #950 Stewart St & 7th Ave (WB)\r\nStop #361 2nd Ave & James St (SB)\r\n",
        "url": "https://tripplanner.kingcounty.gov/#/app/tripplanning"
      }
    },
    {
      "type": "Feature",
      "geometry": {
        "type": "Point",
        "coordinates": [
          -122.33725,
          47.6109505
        ]
      },
      "properties": {
        "alert_id": "1_96358",
        "stop_id": "700",
        "stop_name": "4th Ave & Pike St",
        "alert_type": "Route Change",
        "status": "upcoming",
        "header": "Routes 101 and 150 will be rerouted in the Downtown Seattle area from 7:30 AM to 1:00 PM on Sat Oct 10 due to the Puget Sound Heart & Stroke Walk.",
        "description": "Affected stops:\r\nStop #30635 4th Ave S & S Royal Brougham Way (NB)\r\nStop #620 4th Ave S & S Jackson St (NB)\r\nStop #640 4th Ave & James St (NB)\r\nStop #660 4th Ave & Madison St (NB)\r\nStop #691 4th Ave & Union St (NB)\r\nStop #700 4th Ave & Pike St (NB)\r\nStop #1040 Olive Way & 6th Ave (EB)\r\nStop #970 Stewart St & 4th Ave (WB)\r\nStop #280 2nd Ave & Stewart St (SB)\r\nStop #312 2nd Ave & University St\r\nStop #340 2nd Ave & Marion St (SB)\r\n\nGet on/off at:\r\nFor Routes 101 and 150 to Downtown Seattle:\r\nStop #99267 SODO Busway & S Royal Brougham Way (NB)\r\nThe temporary stop on 5th Ave S, just south of S Main St (NB)\r\nThe temporary stop on 5th Ave, just south of James St (NB)\r\nThe temporary stop on 5th Ave, just south of Marion St (NB)\r\nThe temporary stop on 6th Ave, just north of Seneca St (NB)\r\nThe temporary stop on 6th Ave, just south of Pine St (NB)\r\nStop #1050 Olive Way & 8th Ave (EB)\r\n\nFor Routes 101 to Renton TC and 150 to Kent:\r\nStop #950 Stewart St & 7th Ave (WB)\r\nStop #361 2nd Ave & James St (SB)\r\n",
        "url": "https://tripplanner.kingcounty.gov/#/app/tripplanning"
      }
    },
    {
      "type": "Feature",
      "geometry": {
        "type": "Point",
        "coordinates": [
          -122.328957,
          47.5933418
        ]
      },
      "properties": {
        "alert_id": "1_96358",
        "stop_id": "30635",
        "stop_name": "4th Ave S & S Royal Brougham Way",
        "alert_type": "Route Change",
        "status": "upcoming",
        "header": "Routes 101 and 150 will be rerouted in the Downtown Seattle area from 7:30 AM to 1:00 PM on Sat Oct 10 due to the Puget Sound Heart & Stroke Walk.",
        "description": "Affected stops:\r\nStop #30635 4th Ave S & S Royal Brougham Way (NB)\r\nStop #620 4th Ave S & S Jackson St (NB)\r\nStop #640 4th Ave & James St (NB)\r\nStop #660 4th Ave & Madison St (NB)\r\nStop #691 4th Ave & Union St (NB)\r\nStop #700 4th Ave & Pike St (NB)\r\nStop #1040 Olive Way & 6th Ave (EB)\r\nStop #970 Stewart St & 4th Ave (WB)\r\nStop #280 2nd Ave & Stewart St (SB)\r\nStop #312 2nd Ave & University St\r\nStop #340 2nd Ave & Marion St (SB)\r\n\nGet on/off at:\r\nFor Routes 101 and 150 to Downtown Seattle:\r\nStop #99267 SODO Busway & S Royal Brougham Way (NB)\r\nThe temporary stop on 5th Ave S, just south of S Main St (NB)\r\nThe temporary stop on 5th Ave, just south of James St (NB)\r\nThe temporary stop on 5th Ave, just south of Marion St (NB)\r\nThe temporary stop on 6th Ave, just north of Seneca St (NB)\r\nThe temporary stop on 6th Ave, just south of Pine St (NB)\r\nStop #1050 Olive Way & 8th Ave (EB)\r\n\nFor Routes 101 to Renton TC and 150 to Kent:\r\nStop #950 Stewart St & 7th Ave (WB)\r\nStop #361 2nd Ave & James St (SB)\r\n",
        "url": "https://tripplanner.kingcounty.gov/#/app/tripplanning"
      }
    },
    {
      "type": "Feature",
      "geometry": {
        "type": "Point",
        "coordinates": [
          -122.33725,
          47.6109505
        ]
      },
      "properties": {
        "alert_id": "1_96358",
        "stop_id": "700",
        "stop_name": "4th Ave & Pike St",
        "alert_type": "Route Change",
        "status": "upcoming",
        "header": "Routes 101 and 150 will be rerouted in the Downtown Seattle area from 7:30 AM to 1:00 PM on Sat Oct 10 due to the Puget Sound Heart & Stroke Walk.",
        "description": "Affected stops:\r\nStop #30635 4th Ave S & S Royal Brougham Way (NB)\r\nStop #620 4th Ave S & S Jackson St (NB)\r\nStop #640 4th Ave & James St (NB)\r\nStop #660 4th Ave & Madison St (NB)\r\nStop #691 4th Ave & Union St (NB)\r\nStop #700 4th Ave & Pike St (NB)\r\nStop #1040 Olive Way & 6th Ave (EB)\r\nStop #970 Stewart St & 4th Ave (WB)\r\nStop #280 2nd Ave & Stewart St (SB)\r\nStop #312 2nd Ave & University St\r\nStop #340 2nd Ave & Marion St (SB)\r\n\nGet on/off at:\r\nFor Routes 101 and 150 to Downtown Seattle:\r\nStop #99267 SODO Busway & S Royal Brougham Way (NB)\r\nThe temporary stop on 5th Ave S, just south of S Main St (NB)\r\nThe temporary stop on 5th Ave, just south of James St (NB)\r\nThe temporary stop on 5th Ave, just south of Marion St (NB)\r\nThe temporary stop on 6th Ave, just north of Seneca St (NB)\r\nThe temporary stop on 6th Ave, just south of Pine St (NB)\r\nStop #1050 Olive Way & 8th Ave (EB)\r\n\nFor Routes 101 to Renton TC and 150 to Kent:\r\nStop #950 Stewart St & 7th Ave (WB)\r\nStop #361 2nd Ave & James St (SB)\r\n",
        "url": "https://tripplanner.kingcounty.gov/#/app/tripplanning"
      }
    },
    {
      "type": "Feature",
      "geometry": {
        "type": "Point",
        "coordinates": [
          -122.328903,
          47.5988121
        ]
      },
      "properties": {
        "alert_id": "1_96358",
        "stop_id": "620",
        "stop_name": "4th Ave S & S Jackson St",
        "alert_type": "Route Change",
        "status": "upcoming",
        "header": "Routes 101 and 150 will be rerouted in the Downtown Seattle area from 7:30 AM to 1:00 PM on Sat Oct 10 due to the Puget Sound Heart & Stroke Walk.",
        "description": "Affected stops:\r\nStop #30635 4th Ave S & S Royal Brougham Way (NB)\r\nStop #620 4th Ave S & S Jackson St (NB)\r\nStop #640 4th Ave & James St (NB)\r\nStop #660 4th Ave & Madison St (NB)\r\nStop #691 4th Ave & Union St (NB)\r\nStop #700 4th Ave & Pike St (NB)\r\nStop #1040 Olive Way & 6th Ave (EB)\r\nStop #970 Stewart St & 4th Ave (WB)\r\nStop #280 2nd Ave & Stewart St (SB)\r\nStop #312 2nd Ave & University St\r\nStop #340 2nd Ave & Marion St (SB)\r\n\nGet on/off at:\r\nFor Routes 101 and 150 to Downtown Seattle:\r\nStop #99267 SODO Busway & S Royal Brougham Way (NB)\r\nThe temporary stop on 5th Ave S, just south of S Main St (NB)\r\nThe temporary stop on 5th Ave, just south of James St (NB)\r\nThe temporary stop on 5th Ave, just south of Marion St (NB)\r\nThe temporary stop on 6th Ave, just north of Seneca St (NB)\r\nThe temporary stop on 6th Ave, just south of Pine St (NB)\r\nStop #1050 Olive Way & 8th Ave (EB)\r\n\nFor Routes 101 to Renton TC and 150 to Kent:\r\nStop #950 Stewart St & 7th Ave (WB)\r\nStop #361 2nd Ave & James St (SB)\r\n",
        "url": "https://tripplanner.kingcounty.gov/#/app/tripplanning"
      }
    },
    {
      "type": "Feature",
      "geometry": {
        "type": "Point",
        "coordinates": [
          -122.334625,
          47.6044655
        ]
      },
      "properties": {
        "alert_id": "1_96358",
        "stop_id": "340",
        "stop_name": "2nd Ave & Marion St",
        "alert_type": "Route Change",
        "status": "upcoming",
        "header": "Routes 101 and 150 will be rerouted in the Downtown Seattle area from 7:30 AM to 1:00 PM on Sat Oct 10 due to the Puget Sound Heart & Stroke Walk.",
        "description": "Affected stops:\r\nStop #30635 4th Ave S & S Royal Brougham Way (NB)\r\nStop #620 4th Ave S & S Jackson St (NB)\r\nStop #640 4th Ave & James St (NB)\r\nStop #660 4th Ave & Madison St (NB)\r\nStop #691 4th Ave & Union St (NB)\r\nStop #700 4th Ave & Pike St (NB)\r\nStop #1040 Olive Way & 6th Ave (EB)\r\nStop #970 Stewart St & 4th Ave (WB)\r\nStop #280 2nd Ave & Stewart St (SB)\r\nStop #312 2nd Ave & University St\r\nStop #340 2nd Ave & Marion St (SB)\r\n\nGet on/off at:\r\nFor Routes 101 and 150 to Downtown Seattle:\r\nStop #99267 SODO Busway & S Royal Brougham Way (NB)\r\nThe temporary stop on 5th Ave S, just south of S Main St (NB)\r\nThe temporary stop on 5th Ave, just south of James St (NB)\r\nThe temporary stop on 5th Ave, just south of Marion St (NB)\r\nThe temporary stop on 6th Ave, just north of Seneca St (NB)\r\nThe temporary stop on 6th Ave, just south of Pine St (NB)\r\nStop #1050 Olive Way & 8th Ave (EB)\r\n\nFor Routes 101 to Renton TC and 150 to Kent:\r\nStop #950 Stewart St & 7th Ave (WB)\r\nStop #361 2nd Ave & James St (SB)\r\n",
        "url": "https://tripplanner.kingcounty.gov/#/app/tripplanning"
      }
    },
    {
      "type": "Feature",
      "geometry": {
        "type": "Point",
        "coordinates": [
          -122.329979,
          47.6030121
        ]
      },
      "properties": {
        "alert_id": "1_96358",
        "stop_id": "640",
        "stop_name": "4th Ave & James St",
        "alert_type": "Route Change",
        "status": "upcoming",
        "header": "Routes 101 and 150 will be rerouted in the Downtown Seattle area from 7:30 AM to 1:00 PM on Sat Oct 10 due to the Puget Sound Heart & Stroke Walk.",
        "description": "Affected stops:\r\nStop #30635 4th Ave S & S Royal Brougham Way (NB)\r\nStop #620 4th Ave S & S Jackson St (NB)\r\nStop #640 4th Ave & James St (NB)\r\nStop #660 4th Ave & Madison St (NB)\r\nStop #691 4th Ave & Union St (NB)\r\nStop #700 4th Ave & Pike St (NB)\r\nStop #1040 Olive Way & 6th Ave (EB)\r\nStop #970 Stewart St & 4th Ave (WB)\r\nStop #280 2nd Ave & Stewart St (SB)\r\nStop #312 2nd Ave & University St\r\nStop #340 2nd Ave & Marion St (SB)\r\n\nGet on/off at:\r\nFor Routes 101 and 150 to Downtown Seattle:\r\nStop #99267 SODO Busway & S Royal Brougham Way (NB)\r\nThe temporary stop on 5th Ave S, just south of S Main St (NB)\r\nThe temporary stop on 5th Ave, just south of James St (NB)\r\nThe temporary stop on 5th Ave, just south of Marion St (NB)\r\nThe temporary stop on 6th Ave, just north of Seneca St (NB)\r\nThe temporary stop on 6th Ave, just south of Pine St (NB)\r\nStop #1050 Olive Way & 8th Ave (EB)\r\n\nFor Routes 101 to Renton TC and 150 to Kent:\r\nStop #950 Stewart St & 7th Ave (WB)\r\nStop #361 2nd Ave & James St (SB)\r\n",
        "url": "https://tripplanner.kingcounty.gov/#/app/tripplanning"
      }
    },
    {
      "type": "Feature",
      "geometry": {
        "type": "Point",
        "coordinates": [
          -122.334625,
          47.6044655
        ]
      },
      "properties": {
        "alert_id": "1_96358",
        "stop_id": "340",
        "stop_name": "2nd Ave & Marion St",
        "alert_type": "Route Change",
        "status": "upcoming",
        "header": "Routes 101 and 150 will be rerouted in the Downtown Seattle area from 7:30 AM to 1:00 PM on Sat Oct 10 due to the Puget Sound Heart & Stroke Walk.",
        "description": "Affected stops:\r\nStop #30635 4th Ave S & S Royal Brougham Way (NB)\r\nStop #620 4th Ave S & S Jackson St (NB)\r\nStop #640 4th Ave & James St (NB)\r\nStop #660 4th Ave & Madison St (NB)\r\nStop #691 4th Ave & Union St (NB)\r\nStop #700 4th Ave & Pike St (NB)\r\nStop #1040 Olive Way & 6th Ave (EB)\r\nStop #970 Stewart St & 4th Ave (WB)\r\nStop #280 2nd Ave & Stewart St (SB)\r\nStop #312 2nd Ave & University St\r\nStop #340 2nd Ave & Marion St (SB)\r\n\nGet on/off at:\r\nFor Routes 101 and 150 to Downtown Seattle:\r\nStop #99267 SODO Busway & S Royal Brougham Way (NB)\r\nThe temporary stop on 5th Ave S, just south of S Main St (NB)\r\nThe temporary stop on 5th Ave, just south of James St (NB)\r\nThe temporary stop on 5th Ave, just south of Marion St (NB)\r\nThe temporary stop on 6th Ave, just north of Seneca St (NB)\r\nThe temporary stop on 6th Ave, just south of Pine St (NB)\r\nStop #1050 Olive Way & 8th Ave (EB)\r\n\nFor Routes 101 to Renton TC and 150 to Kent:\r\nStop #950 Stewart St & 7th Ave (WB)\r\nStop #361 2nd Ave & James St (SB)\r\n",
        "url": "https://tripplanner.kingcounty.gov/#/app/tripplanning"
      }
    },
    {
      "type": "Feature",
      "geometry": {
        "type": "Point",
        "coordinates": [
          -122.340248,
          47.6106148
        ]
      },
      "properties": {
        "alert_id": "1_96358",
        "stop_id": "280",
        "stop_name": "2nd Ave & Stewart St",
        "alert_type": "Route Change",
        "status": "upcoming",
        "header": "Routes 101 and 150 will be rerouted in the Downtown Seattle area from 7:30 AM to 1:00 PM on Sat Oct 10 due to the Puget Sound Heart & Stroke Walk.",
        "description": "Affected stops:\r\nStop #30635 4th Ave S & S Royal Brougham Way (NB)\r\nStop #620 4th Ave S & S Jackson St (NB)\r\nStop #640 4th Ave & James St (NB)\r\nStop #660 4th Ave & Madison St (NB)\r\nStop #691 4th Ave & Union St (NB)\r\nStop #700 4th Ave & Pike St (NB)\r\nStop #1040 Olive Way & 6th Ave (EB)\r\nStop #970 Stewart St & 4th Ave (WB)\r\nStop #280 2nd Ave & Stewart St (SB)\r\nStop #312 2nd Ave & University St\r\nStop #340 2nd Ave & Marion St (SB)\r\n\nGet on/off at:\r\nFor Routes 101 and 150 to Downtown Seattle:\r\nStop #99267 SODO Busway & S Royal Brougham Way (NB)\r\nThe temporary stop on 5th Ave S, just south of S Main St (NB)\r\nThe temporary stop on 5th Ave, just south of James St (NB)\r\nThe temporary stop on 5th Ave, just south of Marion St (NB)\r\nThe temporary stop on 6th Ave, just north of Seneca St (NB)\r\nThe temporary stop on 6th Ave, just south of Pine St (NB)\r\nStop #1050 Olive Way & 8th Ave (EB)\r\n\nFor Routes 101 to Renton TC and 150 to Kent:\r\nStop #950 Stewart St & 7th Ave (WB)\r\nStop #361 2nd Ave & James St (SB)\r\n",
        "url": "https://tripplanner.kingcounty.gov/#/app/tripplanning"
      }
    },
    {
      "type": "Feature",
      "geometry": {
        "type": "Point",
        "coordinates": [
          -122.340881,
          47.6158562
        ]
      },
      "properties": {
        "alert_id": "1_96352",
        "stop_id": "18440",
        "stop_name": "Blanchard St & 6th Ave",
        "alert_type": "Route Change",
        "status": "upcoming",
        "header": "RapidRide C Line will be rerouted in the Downtown Seattle area from 7:30 AM to 1:00 PM on Sat Oct 10 due to the Puget Sound Heart & Stroke Walk.",
        "description": "Affected stops:\r\nStop #558 3rd Ave & Seneca St (NB)\r\nStop #575 3rd Ave & Pike St (NB)\r\nStop #600 3rd Ave & Virginia St (NB)\r\nStop #18440 Blanchard St & 6th Ave (EB)\r\nStop #420 3rd Ave & Virginia St (SB)\r\nStop #431 3rd Ave & Pike St (SB)\r\n\nGet on/off at:\r\nFor RapidRide C Line to Downtown Seattle get on/off at:\r\nStop #539 3rd Ave & Marion St (NB)\r\nThe temporary stop on 6th Ave, just south of Union St (NB)\r\nThe temporary stop on 6th Ave, just south of Pine St (NB)\r\nThe temporary stop on 6th Ave, just south of Westlake St (NB)\r\nStop #26690 Westlake & 9th-Denny (NB)\r\n\nFor RapidRide C Line to West Seattle get on/off at:\r\nStop #26665 Westlake & 9th-Denny(SB)\r\nStop #760 5th Ave & Pine St (SB)\r\nStop #468 3rd Ave & Seneca St (SB)",
        "url": "https://tripplanner.kingcounty.gov/#/app/nextdepartures/routeheadway/full/673/N/"
      }
    },
    {
      "type": "Feature",
      "geometry": {
        "type": "Point",
        "coordinates": [
          -122.34111,
          47.6124382
        ]
      },
      "properties": {
        "alert_id": "1_96352",
        "stop_id": "420",
        "stop_name": "3rd Ave & Virginia St",
        "alert_type": "Route Change",
        "status": "upcoming",
        "header": "RapidRide C Line will be rerouted in the Downtown Seattle area from 7:30 AM to 1:00 PM on Sat Oct 10 due to the Puget Sound Heart & Stroke Walk.",
        "description": "Affected stops:\r\nStop #558 3rd Ave & Seneca St (NB)\r\nStop #575 3rd Ave & Pike St (NB)\r\nStop #600 3rd Ave & Virginia St (NB)\r\nStop #18440 Blanchard St & 6th Ave (EB)\r\nStop #420 3rd Ave & Virginia St (SB)\r\nStop #431 3rd Ave & Pike St (SB)\r\n\nGet on/off at:\r\nFor RapidRide C Line to Downtown Seattle get on/off at:\r\nStop #539 3rd Ave & Marion St (NB)\r\nThe temporary stop on 6th Ave, just south of Union St (NB)\r\nThe temporary stop on 6th Ave, just south of Pine St (NB)\r\nThe temporary stop on 6th Ave, just south of Westlake St (NB)\r\nStop #26690 Westlake & 9th-Denny (NB)\r\n\nFor RapidRide C Line to West Seattle get on/off at:\r\nStop #26665 Westlake & 9th-Denny(SB)\r\nStop #760 5th Ave & Pine St (SB)\r\nStop #468 3rd Ave & Seneca St (SB)",
        "url": "https://tripplanner.kingcounty.gov/#/app/nextdepartures/routeheadway/full/673/N/"
      }
    },
    {
      "type": "Feature",
      "geometry": {
        "type": "Point",
        "coordinates": [
          -122.335213,
          47.6070518
        ]
      },
      "properties": {
        "alert_id": "1_96352",
        "stop_id": "558",
        "stop_name": "3rd Ave & Seneca St",
        "alert_type": "Route Change",
        "status": "upcoming",
        "header": "RapidRide C Line will be rerouted in the Downtown Seattle area from 7:30 AM to 1:00 PM on Sat Oct 10 due to the Puget Sound Heart & Stroke Walk.",
        "description": "Affected stops:\r\nStop #558 3rd Ave & Seneca St (NB)\r\nStop #575 3rd Ave & Pike St (NB)\r\nStop #600 3rd Ave & Virginia St (NB)\r\nStop #18440 Blanchard St & 6th Ave (EB)\r\nStop #420 3rd Ave & Virginia St (SB)\r\nStop #431 3rd Ave & Pike St (SB)\r\n\nGet on/off at:\r\nFor RapidRide C Line to Downtown Seattle get on/off at:\r\nStop #539 3rd Ave & Marion St (NB)\r\nThe temporary stop on 6th Ave, just south of Union St (NB)\r\nThe temporary stop on 6th Ave, just south of Pine St (NB)\r\nThe temporary stop on 6th Ave, just south of Westlake St (NB)\r\nStop #26690 Westlake & 9th-Denny (NB)\r\n\nFor RapidRide C Line to West Seattle get on/off at:\r\nStop #26665 Westlake & 9th-Denny(SB)\r\nStop #760 5th Ave & Pine St (SB)\r\nStop #468 3rd Ave & Seneca St (SB)",
        "url": "https://tripplanner.kingcounty.gov/#/app/nextdepartures/routeheadway/full/673/N/"
      }
    },
    {
      "type": "Feature",
      "geometry": {
        "type": "Point",
        "coordinates": [
          -122.337959,
          47.6097908
        ]
      },
      "properties": {
        "alert_id": "1_96352",
        "stop_id": "431",
        "stop_name": "3rd Ave & Pike St",
        "alert_type": "Route Change",
        "status": "upcoming",
        "header": "RapidRide C Line will be rerouted in the Downtown Seattle area from 7:30 AM to 1:00 PM on Sat Oct 10 due to the Puget Sound Heart & Stroke Walk.",
        "description": "Affected stops:\r\nStop #558 3rd Ave & Seneca St (NB)\r\nStop #575 3rd Ave & Pike St (NB)\r\nStop #600 3rd Ave & Virginia St (NB)\r\nStop #18440 Blanchard St & 6th Ave (EB)\r\nStop #420 3rd Ave & Virginia St (SB)\r\nStop #431 3rd Ave & Pike St (SB)\r\n\nGet on/off at:\r\nFor RapidRide C Line to Downtown Seattle get on/off at:\r\nStop #539 3rd Ave & Marion St (NB)\r\nThe temporary stop on 6th Ave, just south of Union St (NB)\r\nThe temporary stop on 6th Ave, just south of Pine St (NB)\r\nThe temporary stop on 6th Ave, just south of Westlake St (NB)\r\nStop #26690 Westlake & 9th-Denny (NB)\r\n\nFor RapidRide C Line to West Seattle get on/off at:\r\nStop #26665 Westlake & 9th-Denny(SB)\r\nStop #760 5th Ave & Pine St (SB)\r\nStop #468 3rd Ave & Seneca St (SB)",
        "url": "https://tripplanner.kingcounty.gov/#/app/nextdepartures/routeheadway/full/673/N/"
      }
    },
    {
      "type": "Feature",
      "geometry": {
        "type": "Point",
        "coordinates": [
          -122.337585,
          47.609642
        ]
      },
      "properties": {
        "alert_id": "1_96352",
        "stop_id": "575",
        "stop_name": "3rd Ave & Pike St",
        "alert_type": "Route Change",
        "status": "upcoming",
        "header": "RapidRide C Line will be rerouted in the Downtown Seattle area from 7:30 AM to 1:00 PM on Sat Oct 10 due to the Puget Sound Heart & Stroke Walk.",
        "description": "Affected stops:\r\nStop #558 3rd Ave & Seneca St (NB)\r\nStop #575 3rd Ave & Pike St (NB)\r\nStop #600 3rd Ave & Virginia St (NB)\r\nStop #18440 Blanchard St & 6th Ave (EB)\r\nStop #420 3rd Ave & Virginia St (SB)\r\nStop #431 3rd Ave & Pike St (SB)\r\n\nGet on/off at:\r\nFor RapidRide C Line to Downtown Seattle get on/off at:\r\nStop #539 3rd Ave & Marion St (NB)\r\nThe temporary stop on 6th Ave, just south of Union St (NB)\r\nThe temporary stop on 6th Ave, just south of Pine St (NB)\r\nThe temporary stop on 6th Ave, just south of Westlake St (NB)\r\nStop #26690 Westlake & 9th-Denny (NB)\r\n\nFor RapidRide C Line to West Seattle get on/off at:\r\nStop #26665 Westlake & 9th-Denny(SB)\r\nStop #760 5th Ave & Pine St (SB)\r\nStop #468 3rd Ave & Seneca St (SB)",
        "url": "https://tripplanner.kingcounty.gov/#/app/nextdepartures/routeheadway/full/673/N/"
      }
    },
    {
      "type": "Feature",
      "geometry": {
        "type": "Point",
        "coordinates": [
          -122.341743,
          47.6129951
        ]
      },
      "properties": {
        "alert_id": "1_96352",
        "stop_id": "600",
        "stop_name": "3rd Ave & Virginia St",
        "alert_type": "Route Change",
        "status": "upcoming",
        "header": "RapidRide C Line will be rerouted in the Downtown Seattle area from 7:30 AM to 1:00 PM on Sat Oct 10 due to the Puget Sound Heart & Stroke Walk.",
        "description": "Affected stops:\r\nStop #558 3rd Ave & Seneca St (NB)\r\nStop #575 3rd Ave & Pike St (NB)\r\nStop #600 3rd Ave & Virginia St (NB)\r\nStop #18440 Blanchard St & 6th Ave (EB)\r\nStop #420 3rd Ave & Virginia St (SB)\r\nStop #431 3rd Ave & Pike St (SB)\r\n\nGet on/off at:\r\nFor RapidRide C Line to Downtown Seattle get on/off at:\r\nStop #539 3rd Ave & Marion St (NB)\r\nThe temporary stop on 6th Ave, just south of Union St (NB)\r\nThe temporary stop on 6th Ave, just south of Pine St (NB)\r\nThe temporary stop on 6th Ave, just south of Westlake St (NB)\r\nStop #26690 Westlake & 9th-Denny (NB)\r\n\nFor RapidRide C Line to West Seattle get on/off at:\r\nStop #26665 Westlake & 9th-Denny(SB)\r\nStop #760 5th Ave & Pine St (SB)\r\nStop #468 3rd Ave & Seneca St (SB)",
        "url": "https://tripplanner.kingcounty.gov/#/app/nextdepartures/routeheadway/full/673/N/"
      }
    },
    {
      "type": "Feature",
      "geometry": {
        "type": "Point",
        "coordinates": [
          -122.246307,
          47.3813095
        ]
      },
      "properties": {
        "alert_id": "1_93880",
        "stop_id": "57188",
        "stop_name": "W Meeker St & Washington Ave S",
        "alert_type": "Stop Relocation",
        "status": "ongoing",
        "header": "Stop #57188 W Meeker St & Washington Ave S (EB) relocated from Sat Aug 29 through Fri Apr 23, 2027 due to permanent bus stop closure.",
        "description": "Affected routes:\r\n164\r\nDART 914\r\n\nGet on/off at:\r\nFor Route 164 to Green River College:\r\nStop #50741 W Meeker St & Washington Ave S (EB)\r\nStop #79226 W Smith St & 6th Ave N (EB)\r\n\nFor Dart 914 to East Hill / SE Kent:\r\nStop #50741 W Meeker St & Washington Ave S (EB)\r\nStop #57189 W Meeker St & 6th Ave S (EB)\r\n",
        "url": "https://tripplanner.kingcounty.gov/#/app/nextdepartures/stoproutes/9326"
      }
    },
    {
      "type": "Feature",
      "geometry": {
        "type": "Point",
        "coordinates": [
          -122.246307,
          47.3813095
        ]
      },
      "properties": {
        "alert_id": "1_93880",
        "stop_id": "57188",
        "stop_name": "W Meeker St & Washington Ave S",
        "alert_type": "Stop Relocation",
        "status": "ongoing",
        "header": "Stop #57188 W Meeker St & Washington Ave S (EB) relocated from Sat Aug 29 through Fri Apr 23, 2027 due to permanent bus stop closure.",
        "description": "Affected routes:\r\n164\r\nDART 914\r\n\nGet on/off at:\r\nFor Route 164 to Green River College:\r\nStop #50741 W Meeker St & Washington Ave S (EB)\r\nStop #79226 W Smith St & 6th Ave N (EB)\r\n\nFor Dart 914 to East Hill / SE Kent:\r\nStop #50741 W Meeker St & Washington Ave S (EB)\r\nStop #57189 W Meeker St & 6th Ave S (EB)\r\n",
        "url": "https://tripplanner.kingcounty.gov/#/app/nextdepartures/stoproutes/9326"
      }
    },
    {
      "type": "Feature",
      "geometry": {
        "type": "Point",
        "coordinates": [
          -122.202347,
          47.3972015
        ]
      },
      "properties": {
        "alert_id": "1_95260",
        "stop_id": "57400",
        "stop_name": "104th Ave SE & SE 228th St",
        "alert_type": "Stop Relocation",
        "status": "ongoing",
        "header": "Stop #57400 104th Ave SE & SE 228th St (SB) and Stop #57160 104th Ave SE & SE 228th St (NB) relocated from Mon Sep 21 through Fri Dec 11 due to construction.",
        "description": "Affected routes:\r\n160\r\n\nFor Route 160 to Auburn Station get on/off at:\r\nStop #57390 Benson Rd SE & SE 224th St (SB)\r\nThe temporary stop on 104th Ave SE, just north of SE 230th Pl (SB)\r\n\nFor Route 160 to Renton get on/off at:\r\nStop #57150 104th Ave SE & SE 232nd St (NB)\r\nThe temporary stop on 104th Ave SE, just south of SE 226th St (NB)",
        "url": "https://tripplanner.kingcounty.gov/#/app/nextdepartures/routeheadway/full/160/N/"
      }
    },
    {
      "type": "Feature",
      "geometry": {
        "type": "Point",
        "coordinates": [
          -122.202148,
          47.398262
        ]
      },
      "properties": {
        "alert_id": "1_95260",
        "stop_id": "57160",
        "stop_name": "104th Ave SE & SE 228th St",
        "alert_type": "Stop Relocation",
        "status": "ongoing",
        "header": "Stop #57400 104th Ave SE & SE 228th St (SB) and Stop #57160 104th Ave SE & SE 228th St (NB) relocated from Mon Sep 21 through Fri Dec 11 due to construction.",
        "description": "Affected routes:\r\n160\r\n\nFor Route 160 to Auburn Station get on/off at:\r\nStop #57390 Benson Rd SE & SE 224th St (SB)\r\nThe temporary stop on 104th Ave SE, just north of SE 230th Pl (SB)\r\n\nFor Route 160 to Renton get on/off at:\r\nStop #57150 104th Ave SE & SE 232nd St (NB)\r\nThe temporary stop on 104th Ave SE, just south of SE 226th St (NB)",
        "url": "https://tripplanner.kingcounty.gov/#/app/nextdepartures/routeheadway/full/160/N/"
      }
    },
    {
      "type": "Feature",
      "geometry": {
        "type": "Point",
        "coordinates": [
          -122.295418,
          47.6612778
        ]
      },
      "properties": {
        "alert_id": "1_88962",
        "stop_id": "25202",
        "stop_name": "NE 45th St & University Village",
        "alert_type": "Stop Relocation",
        "status": "ongoing",
        "header": "Stop #25202 NE 45th St & University Village (WB) relocated from Thu Jun 4 through Fri Mar 27, 2027 due to construction.",
        "description": "Affected routes:\r\n31\r\n32\r\n45\r\n67\r\n\nGet on/off at:\r\nThe temporary stop on NE 45th St just east of the University Village main driveway (WB)",
        "url": "https://tripplanner.kingcounty.gov/#/app/nextdepartures/stoproutes/75083"
      }
    },
    {
      "type": "Feature",
      "geometry": {
        "type": "Point",
        "coordinates": [
          -122.295418,
          47.6612778
        ]
      },
      "properties": {
        "alert_id": "1_88962",
        "stop_id": "25202",
        "stop_name": "NE 45th St & University Village",
        "alert_type": "Stop Relocation",
        "status": "ongoing",
        "header": "Stop #25202 NE 45th St & University Village (WB) relocated from Thu Jun 4 through Fri Mar 27, 2027 due to construction.",
        "description": "Affected routes:\r\n31\r\n32\r\n45\r\n67\r\n\nGet on/off at:\r\nThe temporary stop on NE 45th St just east of the University Village main driveway (WB)",
        "url": "https://tripplanner.kingcounty.gov/#/app/nextdepartures/stoproutes/75083"
      }
    },
    {
      "type": "Feature",
      "geometry": {
        "type": "Point",
        "coordinates": [
          -122.295418,
          47.6612778
        ]
      },
      "properties": {
        "alert_id": "1_88962",
        "stop_id": "25202",
        "stop_name": "NE 45th St & University Village",
        "alert_type": "Stop Relocation",
        "status": "ongoing",
        "header": "Stop #25202 NE 45th St & University Village (WB) relocated from Thu Jun 4 through Fri Mar 27, 2027 due to construction.",
        "description": "Affected routes:\r\n31\r\n32\r\n45\r\n67\r\n\nGet on/off at:\r\nThe temporary stop on NE 45th St just east of the University Village main driveway (WB)",
        "url": "https://tripplanner.kingcounty.gov/#/app/nextdepartures/stoproutes/75083"
      }
    },
    {
      "type": "Feature",
      "geometry": {
        "type": "Point",
        "coordinates": [
          -122.295418,
          47.6612778
        ]
      },
      "properties": {
        "alert_id": "1_88962",
        "stop_id": "25202",
        "stop_name": "NE 45th St & University Village",
        "alert_type": "Stop Relocation",
        "status": "ongoing",
        "header": "Stop #25202 NE 45th St & University Village (WB) relocated from Thu Jun 4 through Fri Mar 27, 2027 due to construction.",
        "description": "Affected routes:\r\n31\r\n32\r\n45\r\n67\r\n\nGet on/off at:\r\nThe temporary stop on NE 45th St just east of the University Village main driveway (WB)",
        "url": "https://tripplanner.kingcounty.gov/#/app/nextdepartures/stoproutes/75083"
      }
    },
    {
      "type": "Feature",
      "geometry": {
        "type": "Point",
        "coordinates": [
          -122.361015,
          47.3056831
        ]
      },
      "properties": {
        "alert_id": "1_95817",
        "stop_id": "42540",
        "stop_name": "21st Ave SW & SW 330th St",
        "alert_type": "Stop Closure",
        "status": "ongoing",
        "header": "Stop #42540 21st Ave SW & SW 330th St (SB) closed from Tues Sep 29 to Fri Oct 23 7:00 PM to 6:00 AM nightly due to construction.",
        "description": "Affected routes:\r\n181\r\n\nGet on/off at:\r\nStop #42520 21st Ave SW & SW 325th Pl (SB)\r\nStop #42550 21st Ave SW & SW 334th St (SB)",
        "url": "https://tripplanner.kingcounty.gov/#/app/nextdepartures/routeheadway/full/181/W"
      }
    },
    {
      "type": "Feature",
      "geometry": {
        "type": "Point",
        "coordinates": [
          -122.361015,
          47.3029976
        ]
      },
      "properties": {
        "alert_id": "1_95818",
        "stop_id": "42550",
        "stop_name": "21st Ave SW & SW 334th St",
        "alert_type": "Stop Closure",
        "status": "ongoing",
        "header": "Stop #42550 21st Ave SW & SW 334th St (SB) closed from Tues Sep 29 to Fri Oct 23 7:00 PM to 6:00 AM nightly due to construction.",
        "description": "Affected routes:\r\n181\r\n\nGet on/off at:\r\nStop #42540 21st Ave SW & SW 330th St (SB)\r\nStop #42560 21st Ave SW & SW 336th St (SB)",
        "url": "https://tripplanner.kingcounty.gov/#/app/nextdepartures/routeheadway/full/181/W"
      }
    },
    {
      "type": "Feature",
      "geometry": {
        "type": "Point",
        "coordinates": [
          -122.361,
          47.3001671
        ]
      },
      "properties": {
        "alert_id": "1_95819",
        "stop_id": "42560",
        "stop_name": "21st Ave SW & SW 336th St",
        "alert_type": "Stop Closure",
        "status": "ongoing",
        "header": "Stop #42560 21st Ave SW & SW 336th St (SB) closed from Tues Sep 29 to Fri Oct 23 7:00 PM to 6:00 AM nightly due to construction.",
        "description": "Affected routes:\r\n181\r\n\nGet on/off at:\r\nStop #42550 21st Ave SW & SW 334th St (SB)\r\nStop #42570 21st Ave SW & SW 339th St (SB)",
        "url": "https://tripplanner.kingcounty.gov/#/app/nextdepartures/routeheadway/full/181/W"
      }
    },
    {
      "type": "Feature",
      "geometry": {
        "type": "Point",
        "coordinates": [
          -122.310036,
          47.3867302
        ]
      },
      "properties": {
        "alert_id": "1_93875",
        "stop_id": "47275",
        "stop_name": "S 240th St & 18th Pl S",
        "alert_type": "Stop Closure",
        "status": "ongoing",
        "header": "Route 166 is rerouted off S 240th St between 16th Ave S and 20th Ave S from Sat Aug 29 through Thu Dec 31 due to a road closure.",
        "description": "Affected stops:\r\nStop #48920 S 240th St & 17th Ave S (EB)\r\nStop #48925 S 240th St & 18th Pl S (EB)\r\nStop #47275 S 240th St & 18th Pl S (WB)\r\nStop #47280 S 240th St & 16th Ave S (WB)\r\n\nFor Route 166 to Kent get on/off at:\r\nThe temporary stop on S 240th St & 14th Ave S (EB)\r\nStop #48930 S 240th St & 21st Ave S (EB)\r\n\nFor Route 166 to Burien TC get on/off at:\r\nStop #47270 S 240th St & 21st Ave S (WB)\r\nThe temporary stop on S 240th St & 14th Ave S (WB)",
        "url": "https://tripplanner.kingcounty.gov/#/app/nextdepartures/routeheadway/full/166/S/"
      }
    },
    {
      "type": "Feature",
      "geometry": {
        "type": "Point",
        "coordinates": [
          -122.312439,
          47.3867798
        ]
      },
      "properties": {
        "alert_id": "1_93875",
        "stop_id": "47280",
        "stop_name": "S 240th St & 16th Ave S",
        "alert_type": "Stop Closure",
        "status": "ongoing",
        "header": "Route 166 is rerouted off S 240th St between 16th Ave S and 20th Ave S from Sat Aug 29 through Thu Dec 31 due to a road closure.",
        "description": "Affected stops:\r\nStop #48920 S 240th St & 17th Ave S (EB)\r\nStop #48925 S 240th St & 18th Pl S (EB)\r\nStop #47275 S 240th St & 18th Pl S (WB)\r\nStop #47280 S 240th St & 16th Ave S (WB)\r\n\nFor Route 166 to Kent get on/off at:\r\nThe temporary stop on S 240th St & 14th Ave S (EB)\r\nStop #48930 S 240th St & 21st Ave S (EB)\r\n\nFor Route 166 to Burien TC get on/off at:\r\nStop #47270 S 240th St & 21st Ave S (WB)\r\nThe temporary stop on S 240th St & 14th Ave S (WB)",
        "url": "https://tripplanner.kingcounty.gov/#/app/nextdepartures/routeheadway/full/166/S/"
      }
    },
    {
      "type": "Feature",
      "geometry": {
        "type": "Point",
        "coordinates": [
          -122.311783,
          47.3866272
        ]
      },
      "properties": {
        "alert_id": "1_93875",
        "stop_id": "48920",
        "stop_name": "S 240th St & 17th Ave S",
        "alert_type": "Stop Closure",
        "status": "ongoing",
        "header": "Route 166 is rerouted off S 240th St between 16th Ave S and 20th Ave S from Sat Aug 29 through Thu Dec 31 due to a road closure.",
        "description": "Affected stops:\r\nStop #48920 S 240th St & 17th Ave S (EB)\r\nStop #48925 S 240th St & 18th Pl S (EB)\r\nStop #47275 S 240th St & 18th Pl S (WB)\r\nStop #47280 S 240th St & 16th Ave S (WB)\r\n\nFor Route 166 to Kent get on/off at:\r\nThe temporary stop on S 240th St & 14th Ave S (EB)\r\nStop #48930 S 240th St & 21st Ave S (EB)\r\n\nFor Route 166 to Burien TC get on/off at:\r\nStop #47270 S 240th St & 21st Ave S (WB)\r\nThe temporary stop on S 240th St & 14th Ave S (WB)",
        "url": "https://tripplanner.kingcounty.gov/#/app/nextdepartures/routeheadway/full/166/S/"
      }
    },
    {
      "type": "Feature",
      "geometry": {
        "type": "Point",
        "coordinates": [
          -122.309937,
          47.3865929
        ]
      },
      "properties": {
        "alert_id": "1_93875",
        "stop_id": "48925",
        "stop_name": "S 240th St & 18th Pl S",
        "alert_type": "Stop Closure",
        "status": "ongoing",
        "header": "Route 166 is rerouted off S 240th St between 16th Ave S and 20th Ave S from Sat Aug 29 through Thu Dec 31 due to a road closure.",
        "description": "Affected stops:\r\nStop #48920 S 240th St & 17th Ave S (EB)\r\nStop #48925 S 240th St & 18th Pl S (EB)\r\nStop #47275 S 240th St & 18th Pl S (WB)\r\nStop #47280 S 240th St & 16th Ave S (WB)\r\n\nFor Route 166 to Kent get on/off at:\r\nThe temporary stop on S 240th St & 14th Ave S (EB)\r\nStop #48930 S 240th St & 21st Ave S (EB)\r\n\nFor Route 166 to Burien TC get on/off at:\r\nStop #47270 S 240th St & 21st Ave S (WB)\r\nThe temporary stop on S 240th St & 14th Ave S (WB)",
        "url": "https://tripplanner.kingcounty.gov/#/app/nextdepartures/routeheadway/full/166/S/"
      }
    },
    {
      "type": "Feature",
      "geometry": {
        "type": "Point",
        "coordinates": [
          -122.361053,
          47.3147507
        ]
      },
      "properties": {
        "alert_id": "1_95815",
        "stop_id": "42500",
        "stop_name": "21st Ave SW & SW 320th St",
        "alert_type": "Stop Closure",
        "status": "ongoing",
        "header": "Stop #42500 21st Ave SW & SW 320th St (SB) closed from Tue Sep 29 to Fri Oct 23 7:00 PM to 6:00 AM nightly due to construction.",
        "description": "Affected routes:\r\n181\r\n\nGet on/off at:\r\nStop #83786 SW 320th St & 18th Ave SW (WB)\r\nStop #42520 21st Ave SW & SW 325th Pl (SB)",
        "url": "https://tripplanner.kingcounty.gov/#/app/nextdepartures/stoproutes/7874"
      }
    },
    {
      "type": "Feature",
      "geometry": {
        "type": "Point",
        "coordinates": [
          -122.361031,
          47.3099785
        ]
      },
      "properties": {
        "alert_id": "1_95816",
        "stop_id": "42520",
        "stop_name": "21st Ave SW & SW 325th Pl",
        "alert_type": "Stop Closure",
        "status": "ongoing",
        "header": "Stop #42520 21st Ave SW & SW 325th Pl (SB) closed from Tues Sep 29 to Fri Oct 23 7:00 PM to 6:00 AM nightly due to construction.",
        "description": "Affected routes:\r\n181\r\n\nGet on/off at:\r\nStop #42500 21st Ave SW & SW 320th St (SB)\r\nStop #42540 21st Ave SW & SW 330th St (SB)",
        "url": "https://tripplanner.kingcounty.gov/#/app/nextdepartures/routeheadway/full/181/W"
      }
    },
    {
      "type": "Feature",
      "geometry": {
        "type": "Point",
        "coordinates": [
          -122.313065,
          47.6596832
        ]
      },
      "properties": {
        "alert_id": "1_96228",
        "stop_id": "9582",
        "stop_name": "U District Station - Bay 5",
        "alert_type": "Route Change",
        "status": "upcoming",
        "header": "Route 45 will be rerouted in the U-district area from 7:00 AM to 10:00 PM on Sat Oct 10 due to The Ave for All.",
        "description": "Affected stops:\r\nStop #9132 University Way NE & NE 50th St (SB)\r\nStop #9133 University Way NE & NE 45th St (SB)\r\nStop #9134 U District Station - Bay 4 (SB)\r\nStop #9142 University Way NE & NE 41st St (SB)\r\nStop #72998 University Way NE & NE Pacific St (SB)\r\nStop #98330 University Way NE & NE Pacific St (NB)\r\nStop #9581 University Way NE & NE 41st St (NB)\r\nStop #9582 U District Station - Bay 5 (NB)\r\nStop #9584 University Way NE & NE 45th St (NB)\r\n\nGet on/off at:\r\nFor Route 45 to Loyal Heights:\r\nStop #29420 NE Pacific St & 15th Ave NE (WB)\r\nStop #29440 15th Ave NE & NE Campus Pkwy (NB)\r\nStop #11352 15th Ave NE & NE 42nd St (NB)\r\nStop #36860 15th Ave NE & NE 45th St (NB)\r\nStop #36890 15th Ave NE & NE 52nd St (NB)\r\n\nFor Route 45 to University District:\r\nStop #35790 15th Ave NE & NE 52nd St (SB)\r\nStop #35800 15th Ave NE & NE 50th St (SB)\r\nStop #35820 15th Ave NE & NE 45th St (SB)\r\nStop #10912 15th Ave NE & NE 43rd St (SB)\r\nStop #10914 15th Ave NE & NE Campus Pkwy (SB)\r\nStop #10917 15th Ave NE & NE 40th St (SB)\r\nStop #29240 NE Pacific St & 15th Ave NE (EB)",
        "url": "https://tripplanner.kingcounty.gov/#/app/nextdepartures/routeheadway/full/45/W/"
      }
    },
    {
      "type": "Feature",
      "geometry": {
        "type": "Point",
        "coordinates": [
          -122.313339,
          47.6569481
        ]
      },
      "properties": {
        "alert_id": "1_96228",
        "stop_id": "9142",
        "stop_name": "University Way NE & NE 41st St",
        "alert_type": "Route Change",
        "status": "upcoming",
        "header": "Route 45 will be rerouted in the U-district area from 7:00 AM to 10:00 PM on Sat Oct 10 due to The Ave for All.",
        "description": "Affected stops:\r\nStop #9132 University Way NE & NE 50th St (SB)\r\nStop #9133 University Way NE & NE 45th St (SB)\r\nStop #9134 U District Station - Bay 4 (SB)\r\nStop #9142 University Way NE & NE 41st St (SB)\r\nStop #72998 University Way NE & NE Pacific St (SB)\r\nStop #98330 University Way NE & NE Pacific St (NB)\r\nStop #9581 University Way NE & NE 41st St (NB)\r\nStop #9582 U District Station - Bay 5 (NB)\r\nStop #9584 University Way NE & NE 45th St (NB)\r\n\nGet on/off at:\r\nFor Route 45 to Loyal Heights:\r\nStop #29420 NE Pacific St & 15th Ave NE (WB)\r\nStop #29440 15th Ave NE & NE Campus Pkwy (NB)\r\nStop #11352 15th Ave NE & NE 42nd St (NB)\r\nStop #36860 15th Ave NE & NE 45th St (NB)\r\nStop #36890 15th Ave NE & NE 52nd St (NB)\r\n\nFor Route 45 to University District:\r\nStop #35790 15th Ave NE & NE 52nd St (SB)\r\nStop #35800 15th Ave NE & NE 50th St (SB)\r\nStop #35820 15th Ave NE & NE 45th St (SB)\r\nStop #10912 15th Ave NE & NE 43rd St (SB)\r\nStop #10914 15th Ave NE & NE Campus Pkwy (SB)\r\nStop #10917 15th Ave NE & NE 40th St (SB)\r\nStop #29240 NE Pacific St & 15th Ave NE (EB)",
        "url": "https://tripplanner.kingcounty.gov/#/app/nextdepartures/routeheadway/full/45/W/"
      }
    },
    {
      "type": "Feature",
      "geometry": {
        "type": "Point",
        "coordinates": [
          -122.313217,
          47.662281
        ]
      },
      "properties": {
        "alert_id": "1_96228",
        "stop_id": "9133",
        "stop_name": "University Way NE & NE 45th St",
        "alert_type": "Route Change",
        "status": "upcoming",
        "header": "Route 45 will be rerouted in the U-district area from 7:00 AM to 10:00 PM on Sat Oct 10 due to The Ave for All.",
        "description": "Affected stops:\r\nStop #9132 University Way NE & NE 50th St (SB)\r\nStop #9133 University Way NE & NE 45th St (SB)\r\nStop #9134 U District Station - Bay 4 (SB)\r\nStop #9142 University Way NE & NE 41st St (SB)\r\nStop #72998 University Way NE & NE Pacific St (SB)\r\nStop #98330 University Way NE & NE Pacific St (NB)\r\nStop #9581 University Way NE & NE 41st St (NB)\r\nStop #9582 U District Station - Bay 5 (NB)\r\nStop #9584 University Way NE & NE 45th St (NB)\r\n\nGet on/off at:\r\nFor Route 45 to Loyal Heights:\r\nStop #29420 NE Pacific St & 15th Ave NE (WB)\r\nStop #29440 15th Ave NE & NE Campus Pkwy (NB)\r\nStop #11352 15th Ave NE & NE 42nd St (NB)\r\nStop #36860 15th Ave NE & NE 45th St (NB)\r\nStop #36890 15th Ave NE & NE 52nd St (NB)\r\n\nFor Route 45 to University District:\r\nStop #35790 15th Ave NE & NE 52nd St (SB)\r\nStop #35800 15th Ave NE & NE 50th St (SB)\r\nStop #35820 15th Ave NE & NE 45th St (SB)\r\nStop #10912 15th Ave NE & NE 43rd St (SB)\r\nStop #10914 15th Ave NE & NE Campus Pkwy (SB)\r\nStop #10917 15th Ave NE & NE 40th St (SB)\r\nStop #29240 NE Pacific St & 15th Ave NE (EB)",
        "url": "https://tripplanner.kingcounty.gov/#/app/nextdepartures/routeheadway/full/45/W/"
      }
    },
    {
      "type": "Feature",
      "geometry": {
        "type": "Point",
        "coordinates": [
          -122.313255,
          47.6600723
        ]
      },
      "properties": {
        "alert_id": "1_96228",
        "stop_id": "9134",
        "stop_name": "U District Station - Bay 4",
        "alert_type": "Route Change",
        "status": "upcoming",
        "header": "Route 45 will be rerouted in the U-district area from 7:00 AM to 10:00 PM on Sat Oct 10 due to The Ave for All.",
        "description": "Affected stops:\r\nStop #9132 University Way NE & NE 50th St (SB)\r\nStop #9133 University Way NE & NE 45th St (SB)\r\nStop #9134 U District Station - Bay 4 (SB)\r\nStop #9142 University Way NE & NE 41st St (SB)\r\nStop #72998 University Way NE & NE Pacific St (SB)\r\nStop #98330 University Way NE & NE Pacific St (NB)\r\nStop #9581 University Way NE & NE 41st St (NB)\r\nStop #9582 U District Station - Bay 5 (NB)\r\nStop #9584 University Way NE & NE 45th St (NB)\r\n\nGet on/off at:\r\nFor Route 45 to Loyal Heights:\r\nStop #29420 NE Pacific St & 15th Ave NE (WB)\r\nStop #29440 15th Ave NE & NE Campus Pkwy (NB)\r\nStop #11352 15th Ave NE & NE 42nd St (NB)\r\nStop #36860 15th Ave NE & NE 45th St (NB)\r\nStop #36890 15th Ave NE & NE 52nd St (NB)\r\n\nFor Route 45 to University District:\r\nStop #35790 15th Ave NE & NE 52nd St (SB)\r\nStop #35800 15th Ave NE & NE 50th St (SB)\r\nStop #35820 15th Ave NE & NE 45th St (SB)\r\nStop #10912 15th Ave NE & NE 43rd St (SB)\r\nStop #10914 15th Ave NE & NE Campus Pkwy (SB)\r\nStop #10917 15th Ave NE & NE 40th St (SB)\r\nStop #29240 NE Pacific St & 15th Ave NE (EB)",
        "url": "https://tripplanner.kingcounty.gov/#/app/nextdepartures/routeheadway/full/45/W/"
      }
    },
    {
      "type": "Feature",
      "geometry": {
        "type": "Point",
        "coordinates": [
          -122.313133,
          47.6573868
        ]
      },
      "properties": {
        "alert_id": "1_96228",
        "stop_id": "9581",
        "stop_name": "University Way NE & NE 41st St",
        "alert_type": "Route Change",
        "status": "upcoming",
        "header": "Route 45 will be rerouted in the U-district area from 7:00 AM to 10:00 PM on Sat Oct 10 due to The Ave for All.",
        "description": "Affected stops:\r\nStop #9132 University Way NE & NE 50th St (SB)\r\nStop #9133 University Way NE & NE 45th St (SB)\r\nStop #9134 U District Station - Bay 4 (SB)\r\nStop #9142 University Way NE & NE 41st St (SB)\r\nStop #72998 University Way NE & NE Pacific St (SB)\r\nStop #98330 University Way NE & NE Pacific St (NB)\r\nStop #9581 University Way NE & NE 41st St (NB)\r\nStop #9582 U District Station - Bay 5 (NB)\r\nStop #9584 University Way NE & NE 45th St (NB)\r\n\nGet on/off at:\r\nFor Route 45 to Loyal Heights:\r\nStop #29420 NE Pacific St & 15th Ave NE (WB)\r\nStop #29440 15th Ave NE & NE Campus Pkwy (NB)\r\nStop #11352 15th Ave NE & NE 42nd St (NB)\r\nStop #36860 15th Ave NE & NE 45th St (NB)\r\nStop #36890 15th Ave NE & NE 52nd St (NB)\r\n\nFor Route 45 to University District:\r\nStop #35790 15th Ave NE & NE 52nd St (SB)\r\nStop #35800 15th Ave NE & NE 50th St (SB)\r\nStop #35820 15th Ave NE & NE 45th St (SB)\r\nStop #10912 15th Ave NE & NE 43rd St (SB)\r\nStop #10914 15th Ave NE & NE Campus Pkwy (SB)\r\nStop #10917 15th Ave NE & NE 40th St (SB)\r\nStop #29240 NE Pacific St & 15th Ave NE (EB)",
        "url": "https://tripplanner.kingcounty.gov/#/app/nextdepartures/routeheadway/full/45/W/"
      }
    },
    {
      "type": "Feature",
      "geometry": {
        "type": "Point",
        "coordinates": [
          -122.313011,
          47.6620674
        ]
      },
      "properties": {
        "alert_id": "1_96228",
        "stop_id": "9584",
        "stop_name": "University Way NE & NE 45th St",
        "alert_type": "Route Change",
        "status": "upcoming",
        "header": "Route 45 will be rerouted in the U-district area from 7:00 AM to 10:00 PM on Sat Oct 10 due to The Ave for All.",
        "description": "Affected stops:\r\nStop #9132 University Way NE & NE 50th St (SB)\r\nStop #9133 University Way NE & NE 45th St (SB)\r\nStop #9134 U District Station - Bay 4 (SB)\r\nStop #9142 University Way NE & NE 41st St (SB)\r\nStop #72998 University Way NE & NE Pacific St (SB)\r\nStop #98330 University Way NE & NE Pacific St (NB)\r\nStop #9581 University Way NE & NE 41st St (NB)\r\nStop #9582 U District Station - Bay 5 (NB)\r\nStop #9584 University Way NE & NE 45th St (NB)\r\n\nGet on/off at:\r\nFor Route 45 to Loyal Heights:\r\nStop #29420 NE Pacific St & 15th Ave NE (WB)\r\nStop #29440 15th Ave NE & NE Campus Pkwy (NB)\r\nStop #11352 15th Ave NE & NE 42nd St (NB)\r\nStop #36860 15th Ave NE & NE 45th St (NB)\r\nStop #36890 15th Ave NE & NE 52nd St (NB)\r\n\nFor Route 45 to University District:\r\nStop #35790 15th Ave NE & NE 52nd St (SB)\r\nStop #35800 15th Ave NE & NE 50th St (SB)\r\nStop #35820 15th Ave NE & NE 45th St (SB)\r\nStop #10912 15th Ave NE & NE 43rd St (SB)\r\nStop #10914 15th Ave NE & NE Campus Pkwy (SB)\r\nStop #10917 15th Ave NE & NE 40th St (SB)\r\nStop #29240 NE Pacific St & 15th Ave NE (EB)",
        "url": "https://tripplanner.kingcounty.gov/#/app/nextdepartures/routeheadway/full/45/W/"
      }
    },
    {
      "type": "Feature",
      "geometry": {
        "type": "Point",
        "coordinates": [
          -122.313187,
          47.664135
        ]
      },
      "properties": {
        "alert_id": "1_96228",
        "stop_id": "9132",
        "stop_name": "University Way NE & NE 50th St",
        "alert_type": "Route Change",
        "status": "upcoming",
        "header": "Route 45 will be rerouted in the U-district area from 7:00 AM to 10:00 PM on Sat Oct 10 due to The Ave for All.",
        "description": "Affected stops:\r\nStop #9132 University Way NE & NE 50th St (SB)\r\nStop #9133 University Way NE & NE 45th St (SB)\r\nStop #9134 U District Station - Bay 4 (SB)\r\nStop #9142 University Way NE & NE 41st St (SB)\r\nStop #72998 University Way NE & NE Pacific St (SB)\r\nStop #98330 University Way NE & NE Pacific St (NB)\r\nStop #9581 University Way NE & NE 41st St (NB)\r\nStop #9582 U District Station - Bay 5 (NB)\r\nStop #9584 University Way NE & NE 45th St (NB)\r\n\nGet on/off at:\r\nFor Route 45 to Loyal Heights:\r\nStop #29420 NE Pacific St & 15th Ave NE (WB)\r\nStop #29440 15th Ave NE & NE Campus Pkwy (NB)\r\nStop #11352 15th Ave NE & NE 42nd St (NB)\r\nStop #36860 15th Ave NE & NE 45th St (NB)\r\nStop #36890 15th Ave NE & NE 52nd St (NB)\r\n\nFor Route 45 to University District:\r\nStop #35790 15th Ave NE & NE 52nd St (SB)\r\nStop #35800 15th Ave NE & NE 50th St (SB)\r\nStop #35820 15th Ave NE & NE 45th St (SB)\r\nStop #10912 15th Ave NE & NE 43rd St (SB)\r\nStop #10914 15th Ave NE & NE Campus Pkwy (SB)\r\nStop #10917 15th Ave NE & NE 40th St (SB)\r\nStop #29240 NE Pacific St & 15th Ave NE (EB)",
        "url": "https://tripplanner.kingcounty.gov/#/app/nextdepartures/routeheadway/full/45/W/"
      }
    },
    {
      "type": "Feature",
      "geometry": {
        "type": "Point",
        "coordinates": [
          -122.182899,
          47.7184486
        ]
      },
      "properties": {
        "alert_id": "1_93999",
        "stop_id": "74222",
        "stop_name": "NE 132nd St & 118th Ave NE",
        "alert_type": "Stop Closure",
        "status": "ongoing",
        "header": "Routes 225, 239, 255, and DART 930 will be rerouted off NE 128th St between 120th Ave NE & 124th Ave NE from Mon Aug 31 at 7:00 AM to Fri Oct 16 at 6:00 PM due to the Totem Lake TC Closure.",
        "description": "Affected stops:\r\nStop #74232 Totem Lake Transit Center - Bay 2 (WB)\r\nStop #74222 NE 132nd St & 118th Ave NE (WB)\r\nStop #74234 Totem Lake Transit Center - Bay 1 (NB)\r\nStop #74230 Totem Lake Transit Center - Bay 3 (WB)\r\n\nGet on/off at:\r\nRoutes 225 to Kenmore P&R and to Overlake Village Station, 239 to UW Bothell, 255 to Totem Lake TC, and DART 930 to Redmond: \r\nStop #74226 NE 128th St & Totem Lake Blvd (EB)\r\nThe temporary stop on 120th Ave NE, just north of NE 128th St (NB)\r\n\nRoute 239 to Kirkland TC and DART 930 to Kingsgate P&R:\r\nStop #74220 NE 132nd St & 121st Ave NE (WB)\r\nStop #74731 NE 128th St & 120th Ave NE (WB)\r\n\nRoute 255 to University District:\r\nStop #74731 NE 128th St & 120th Ave NE (WB)",
        "url": "https://tripplanner.kingcounty.gov/#/app/tripplanning"
      }
    },
    {
      "type": "Feature",
      "geometry": {
        "type": "Point",
        "coordinates": [
          -122.180496,
          47.7146454
        ]
      },
      "properties": {
        "alert_id": "1_93999",
        "stop_id": "74234",
        "stop_name": "Totem Lake Transit Center - Bay 1",
        "alert_type": "Stop Closure",
        "status": "ongoing",
        "header": "Routes 225, 239, 255, and DART 930 will be rerouted off NE 128th St between 120th Ave NE & 124th Ave NE from Mon Aug 31 at 7:00 AM to Fri Oct 16 at 6:00 PM due to the Totem Lake TC Closure.",
        "description": "Affected stops:\r\nStop #74232 Totem Lake Transit Center - Bay 2 (WB)\r\nStop #74222 NE 132nd St & 118th Ave NE (WB)\r\nStop #74234 Totem Lake Transit Center - Bay 1 (NB)\r\nStop #74230 Totem Lake Transit Center - Bay 3 (WB)\r\n\nGet on/off at:\r\nRoutes 225 to Kenmore P&R and to Overlake Village Station, 239 to UW Bothell, 255 to Totem Lake TC, and DART 930 to Redmond: \r\nStop #74226 NE 128th St & Totem Lake Blvd (EB)\r\nThe temporary stop on 120th Ave NE, just north of NE 128th St (NB)\r\n\nRoute 239 to Kirkland TC and DART 930 to Kingsgate P&R:\r\nStop #74220 NE 132nd St & 121st Ave NE (WB)\r\nStop #74731 NE 128th St & 120th Ave NE (WB)\r\n\nRoute 255 to University District:\r\nStop #74731 NE 128th St & 120th Ave NE (WB)",
        "url": "https://tripplanner.kingcounty.gov/#/app/tripplanning"
      }
    },
    {
      "type": "Feature",
      "geometry": {
        "type": "Point",
        "coordinates": [
          -122.180359,
          47.7145042
        ]
      },
      "properties": {
        "alert_id": "1_93999",
        "stop_id": "74232",
        "stop_name": "Totem Lake Transit Center - Bay 2",
        "alert_type": "Stop Closure",
        "status": "ongoing",
        "header": "Routes 225, 239, 255, and DART 930 will be rerouted off NE 128th St between 120th Ave NE & 124th Ave NE from Mon Aug 31 at 7:00 AM to Fri Oct 16 at 6:00 PM due to the Totem Lake TC Closure.",
        "description": "Affected stops:\r\nStop #74232 Totem Lake Transit Center - Bay 2 (WB)\r\nStop #74222 NE 132nd St & 118th Ave NE (WB)\r\nStop #74234 Totem Lake Transit Center - Bay 1 (NB)\r\nStop #74230 Totem Lake Transit Center - Bay 3 (WB)\r\n\nGet on/off at:\r\nRoutes 225 to Kenmore P&R and to Overlake Village Station, 239 to UW Bothell, 255 to Totem Lake TC, and DART 930 to Redmond: \r\nStop #74226 NE 128th St & Totem Lake Blvd (EB)\r\nThe temporary stop on 120th Ave NE, just north of NE 128th St (NB)\r\n\nRoute 239 to Kirkland TC and DART 930 to Kingsgate P&R:\r\nStop #74220 NE 132nd St & 121st Ave NE (WB)\r\nStop #74731 NE 128th St & 120th Ave NE (WB)\r\n\nRoute 255 to University District:\r\nStop #74731 NE 128th St & 120th Ave NE (WB)",
        "url": "https://tripplanner.kingcounty.gov/#/app/tripplanning"
      }
    },
    {
      "type": "Feature",
      "geometry": {
        "type": "Point",
        "coordinates": [
          -122.180359,
          47.7145042
        ]
      },
      "properties": {
        "alert_id": "1_93999",
        "stop_id": "74232",
        "stop_name": "Totem Lake Transit Center - Bay 2",
        "alert_type": "Stop Closure",
        "status": "ongoing",
        "header": "Routes 225, 239, 255, and DART 930 will be rerouted off NE 128th St between 120th Ave NE & 124th Ave NE from Mon Aug 31 at 7:00 AM to Fri Oct 16 at 6:00 PM due to the Totem Lake TC Closure.",
        "description": "Affected stops:\r\nStop #74232 Totem Lake Transit Center - Bay 2 (WB)\r\nStop #74222 NE 132nd St & 118th Ave NE (WB)\r\nStop #74234 Totem Lake Transit Center - Bay 1 (NB)\r\nStop #74230 Totem Lake Transit Center - Bay 3 (WB)\r\n\nGet on/off at:\r\nRoutes 225 to Kenmore P&R and to Overlake Village Station, 239 to UW Bothell, 255 to Totem Lake TC, and DART 930 to Redmond: \r\nStop #74226 NE 128th St & Totem Lake Blvd (EB)\r\nThe temporary stop on 120th Ave NE, just north of NE 128th St (NB)\r\n\nRoute 239 to Kirkland TC and DART 930 to Kingsgate P&R:\r\nStop #74220 NE 132nd St & 121st Ave NE (WB)\r\nStop #74731 NE 128th St & 120th Ave NE (WB)\r\n\nRoute 255 to University District:\r\nStop #74731 NE 128th St & 120th Ave NE (WB)",
        "url": "https://tripplanner.kingcounty.gov/#/app/tripplanning"
      }
    },
    {
      "type": "Feature",
      "geometry": {
        "type": "Point",
        "coordinates": [
          -122.180496,
          47.7146454
        ]
      },
      "properties": {
        "alert_id": "1_93999",
        "stop_id": "74234",
        "stop_name": "Totem Lake Transit Center - Bay 1",
        "alert_type": "Stop Closure",
        "status": "ongoing",
        "header": "Routes 225, 239, 255, and DART 930 will be rerouted off NE 128th St between 120th Ave NE & 124th Ave NE from Mon Aug 31 at 7:00 AM to Fri Oct 16 at 6:00 PM due to the Totem Lake TC Closure.",
        "description": "Affected stops:\r\nStop #74232 Totem Lake Transit Center - Bay 2 (WB)\r\nStop #74222 NE 132nd St & 118th Ave NE (WB)\r\nStop #74234 Totem Lake Transit Center - Bay 1 (NB)\r\nStop #74230 Totem Lake Transit Center - Bay 3 (WB)\r\n\nGet on/off at:\r\nRoutes 225 to Kenmore P&R and to Overlake Village Station, 239 to UW Bothell, 255 to Totem Lake TC, and DART 930 to Redmond: \r\nStop #74226 NE 128th St & Totem Lake Blvd (EB)\r\nThe temporary stop on 120th Ave NE, just north of NE 128th St (NB)\r\n\nRoute 239 to Kirkland TC and DART 930 to Kingsgate P&R:\r\nStop #74220 NE 132nd St & 121st Ave NE (WB)\r\nStop #74731 NE 128th St & 120th Ave NE (WB)\r\n\nRoute 255 to University District:\r\nStop #74731 NE 128th St & 120th Ave NE (WB)",
        "url": "https://tripplanner.kingcounty.gov/#/app/tripplanning"
      }
    },
    {
      "type": "Feature",
      "geometry": {
        "type": "Point",
        "coordinates": [
          -122.180496,
          47.7146454
        ]
      },
      "properties": {
        "alert_id": "1_93999",
        "stop_id": "74234",
        "stop_name": "Totem Lake Transit Center - Bay 1",
        "alert_type": "Stop Closure",
        "status": "ongoing",
        "header": "Routes 225, 239, 255, and DART 930 will be rerouted off NE 128th St between 120th Ave NE & 124th Ave NE from Mon Aug 31 at 7:00 AM to Fri Oct 16 at 6:00 PM due to the Totem Lake TC Closure.",
        "description": "Affected stops:\r\nStop #74232 Totem Lake Transit Center - Bay 2 (WB)\r\nStop #74222 NE 132nd St & 118th Ave NE (WB)\r\nStop #74234 Totem Lake Transit Center - Bay 1 (NB)\r\nStop #74230 Totem Lake Transit Center - Bay 3 (WB)\r\n\nGet on/off at:\r\nRoutes 225 to Kenmore P&R and to Overlake Village Station, 239 to UW Bothell, 255 to Totem Lake TC, and DART 930 to Redmond: \r\nStop #74226 NE 128th St & Totem Lake Blvd (EB)\r\nThe temporary stop on 120th Ave NE, just north of NE 128th St (NB)\r\n\nRoute 239 to Kirkland TC and DART 930 to Kingsgate P&R:\r\nStop #74220 NE 132nd St & 121st Ave NE (WB)\r\nStop #74731 NE 128th St & 120th Ave NE (WB)\r\n\nRoute 255 to University District:\r\nStop #74731 NE 128th St & 120th Ave NE (WB)",
        "url": "https://tripplanner.kingcounty.gov/#/app/tripplanning"
      }
    },
    {
      "type": "Feature",
      "geometry": {
        "type": "Point",
        "coordinates": [
          -122.180359,
          47.7145042
        ]
      },
      "properties": {
        "alert_id": "1_93999",
        "stop_id": "74232",
        "stop_name": "Totem Lake Transit Center - Bay 2",
        "alert_type": "Stop Closure",
        "status": "ongoing",
        "header": "Routes 225, 239, 255, and DART 930 will be rerouted off NE 128th St between 120th Ave NE & 124th Ave NE from Mon Aug 31 at 7:00 AM to Fri Oct 16 at 6:00 PM due to the Totem Lake TC Closure.",
        "description": "Affected stops:\r\nStop #74232 Totem Lake Transit Center - Bay 2 (WB)\r\nStop #74222 NE 132nd St & 118th Ave NE (WB)\r\nStop #74234 Totem Lake Transit Center - Bay 1 (NB)\r\nStop #74230 Totem Lake Transit Center - Bay 3 (WB)\r\n\nGet on/off at:\r\nRoutes 225 to Kenmore P&R and to Overlake Village Station, 239 to UW Bothell, 255 to Totem Lake TC, and DART 930 to Redmond: \r\nStop #74226 NE 128th St & Totem Lake Blvd (EB)\r\nThe temporary stop on 120th Ave NE, just north of NE 128th St (NB)\r\n\nRoute 239 to Kirkland TC and DART 930 to Kingsgate P&R:\r\nStop #74220 NE 132nd St & 121st Ave NE (WB)\r\nStop #74731 NE 128th St & 120th Ave NE (WB)\r\n\nRoute 255 to University District:\r\nStop #74731 NE 128th St & 120th Ave NE (WB)",
        "url": "https://tripplanner.kingcounty.gov/#/app/tripplanning"
      }
    },
    {
      "type": "Feature",
      "geometry": {
        "type": "Point",
        "coordinates": [
          -122.17981,
          47.7143059
        ]
      },
      "properties": {
        "alert_id": "1_93999",
        "stop_id": "74230",
        "stop_name": "Totem Lake Transit Center - Bay 3",
        "alert_type": "Stop Closure",
        "status": "ongoing",
        "header": "Routes 225, 239, 255, and DART 930 will be rerouted off NE 128th St between 120th Ave NE & 124th Ave NE from Mon Aug 31 at 7:00 AM to Fri Oct 16 at 6:00 PM due to the Totem Lake TC Closure.",
        "description": "Affected stops:\r\nStop #74232 Totem Lake Transit Center - Bay 2 (WB)\r\nStop #74222 NE 132nd St & 118th Ave NE (WB)\r\nStop #74234 Totem Lake Transit Center - Bay 1 (NB)\r\nStop #74230 Totem Lake Transit Center - Bay 3 (WB)\r\n\nGet on/off at:\r\nRoutes 225 to Kenmore P&R and to Overlake Village Station, 239 to UW Bothell, 255 to Totem Lake TC, and DART 930 to Redmond: \r\nStop #74226 NE 128th St & Totem Lake Blvd (EB)\r\nThe temporary stop on 120th Ave NE, just north of NE 128th St (NB)\r\n\nRoute 239 to Kirkland TC and DART 930 to Kingsgate P&R:\r\nStop #74220 NE 132nd St & 121st Ave NE (WB)\r\nStop #74731 NE 128th St & 120th Ave NE (WB)\r\n\nRoute 255 to University District:\r\nStop #74731 NE 128th St & 120th Ave NE (WB)",
        "url": "https://tripplanner.kingcounty.gov/#/app/tripplanning"
      }
    },
    {
      "type": "Feature",
      "geometry": {
        "type": "Point",
        "coordinates": [
          -122.182899,
          47.7184486
        ]
      },
      "properties": {
        "alert_id": "1_93999",
        "stop_id": "74222",
        "stop_name": "NE 132nd St & 118th Ave NE",
        "alert_type": "Stop Closure",
        "status": "ongoing",
        "header": "Routes 225, 239, 255, and DART 930 will be rerouted off NE 128th St between 120th Ave NE & 124th Ave NE from Mon Aug 31 at 7:00 AM to Fri Oct 16 at 6:00 PM due to the Totem Lake TC Closure.",
        "description": "Affected stops:\r\nStop #74232 Totem Lake Transit Center - Bay 2 (WB)\r\nStop #74222 NE 132nd St & 118th Ave NE (WB)\r\nStop #74234 Totem Lake Transit Center - Bay 1 (NB)\r\nStop #74230 Totem Lake Transit Center - Bay 3 (WB)\r\n\nGet on/off at:\r\nRoutes 225 to Kenmore P&R and to Overlake Village Station, 239 to UW Bothell, 255 to Totem Lake TC, and DART 930 to Redmond: \r\nStop #74226 NE 128th St & Totem Lake Blvd (EB)\r\nThe temporary stop on 120th Ave NE, just north of NE 128th St (NB)\r\n\nRoute 239 to Kirkland TC and DART 930 to Kingsgate P&R:\r\nStop #74220 NE 132nd St & 121st Ave NE (WB)\r\nStop #74731 NE 128th St & 120th Ave NE (WB)\r\n\nRoute 255 to University District:\r\nStop #74731 NE 128th St & 120th Ave NE (WB)",
        "url": "https://tripplanner.kingcounty.gov/#/app/tripplanning"
      }
    },
    {
      "type": "Feature",
      "geometry": {
        "type": "Point",
        "coordinates": [
          -122.180359,
          47.7145042
        ]
      },
      "properties": {
        "alert_id": "1_93999",
        "stop_id": "74232",
        "stop_name": "Totem Lake Transit Center - Bay 2",
        "alert_type": "Stop Closure",
        "status": "ongoing",
        "header": "Routes 225, 239, 255, and DART 930 will be rerouted off NE 128th St between 120th Ave NE & 124th Ave NE from Mon Aug 31 at 7:00 AM to Fri Oct 16 at 6:00 PM due to the Totem Lake TC Closure.",
        "description": "Affected stops:\r\nStop #74232 Totem Lake Transit Center - Bay 2 (WB)\r\nStop #74222 NE 132nd St & 118th Ave NE (WB)\r\nStop #74234 Totem Lake Transit Center - Bay 1 (NB)\r\nStop #74230 Totem Lake Transit Center - Bay 3 (WB)\r\n\nGet on/off at:\r\nRoutes 225 to Kenmore P&R and to Overlake Village Station, 239 to UW Bothell, 255 to Totem Lake TC, and DART 930 to Redmond: \r\nStop #74226 NE 128th St & Totem Lake Blvd (EB)\r\nThe temporary stop on 120th Ave NE, just north of NE 128th St (NB)\r\n\nRoute 239 to Kirkland TC and DART 930 to Kingsgate P&R:\r\nStop #74220 NE 132nd St & 121st Ave NE (WB)\r\nStop #74731 NE 128th St & 120th Ave NE (WB)\r\n\nRoute 255 to University District:\r\nStop #74731 NE 128th St & 120th Ave NE (WB)",
        "url": "https://tripplanner.kingcounty.gov/#/app/tripplanning"
      }
    },
    {
      "type": "Feature",
      "geometry": {
        "type": "Point",
        "coordinates": [
          -122.231163,
          47.381382
        ]
      },
      "properties": {
        "alert_id": "1_94966",
        "stop_id": "58148",
        "stop_name": "Central Ave S & E Meeker St",
        "alert_type": "Stop Relocation",
        "status": "ongoing",
        "header": "Stop #58148 Central Ave S & E Meeker St (SB) relocated from Mon Sep 21 through Fri Dec 18 due to construction.",
        "description": "Affected routes:\r\n160\r\n\nGet on/off at:\r\nThe temporary stop on Central Ave N, just south of E Smith St (SB)",
        "url": "https://tripplanner.kingcounty.gov/#/app/nextdepartures/stoproutes/5077"
      }
    },
    {
      "type": "Feature",
      "geometry": {
        "type": "Point",
        "coordinates": [
          -122.194389,
          47.6155014
        ]
      },
      "properties": {
        "alert_id": "1_93543",
        "stop_id": "67655",
        "stop_name": "Bellevue Transit Center - Bay 8",
        "alert_type": "Route Change",
        "status": "ongoing",
        "header": "Routes 220, 240, ST 556 and ST 566 will be rerouted around Bellevue Transit Center from Sat Aug 29 through Sun Dec 20 due to construction.",
        "description": "Affected stops:\r\nStop #68005 Bellevue Transit Center - Bay 5 (EB)\r\nStop #67652 Bellevue Transit Center - Bay 9 (WB)\r\nStop #67655 Bellevue Transit Center - Bay 8 (WB)\r\nStop #68006 Bellevue Transit Center - Bay 6\r\n\nGet on/off at:\r\nFor Route 220 to Bellevue TC and to Eastgate P&R, and ST 556 to Bellevue:\r\nThe temporary stop on 110th Ave NE, just south of NE 6th St (SB)\r\n\nFor ST 566 to Auburn and ST 556 to Issaquah:\r\nStop #85630 Bellevue Transit Center BAY 1 (SB)\r\n\nFor Route 240 to Renton and to Bellevue TC:\r\nStop #85630 Bellevue Transit Center Bay 1(SB)\r\n\nFor ST 560 to Westwood Village:\r\nThe temporary stop on 110th Ave NE, just south of NE 6th St (SB)\r\n\nFor ST 532 to Everett, ST 535 to Lynnwood, and Route 908 to Snohomish P&R:\r\nThe temporary stop on 110th Ave NE, just south of NE 6th St (NB)",
        "url": "https://tripplanner.kingcounty.gov/#/app/tripplanning"
      }
    },
    {
      "type": "Feature",
      "geometry": {
        "type": "Point",
        "coordinates": [
          -122.193909,
          47.6154938
        ]
      },
      "properties": {
        "alert_id": "1_93543",
        "stop_id": "68006",
        "stop_name": "Bellevue Transit Center - Bay 6",
        "alert_type": "Route Change",
        "status": "ongoing",
        "header": "Routes 220, 240, ST 556 and ST 566 will be rerouted around Bellevue Transit Center from Sat Aug 29 through Sun Dec 20 due to construction.",
        "description": "Affected stops:\r\nStop #68005 Bellevue Transit Center - Bay 5 (EB)\r\nStop #67652 Bellevue Transit Center - Bay 9 (WB)\r\nStop #67655 Bellevue Transit Center - Bay 8 (WB)\r\nStop #68006 Bellevue Transit Center - Bay 6\r\n\nGet on/off at:\r\nFor Route 220 to Bellevue TC and to Eastgate P&R, and ST 556 to Bellevue:\r\nThe temporary stop on 110th Ave NE, just south of NE 6th St (SB)\r\n\nFor ST 566 to Auburn and ST 556 to Issaquah:\r\nStop #85630 Bellevue Transit Center BAY 1 (SB)\r\n\nFor Route 240 to Renton and to Bellevue TC:\r\nStop #85630 Bellevue Transit Center Bay 1(SB)\r\n\nFor ST 560 to Westwood Village:\r\nThe temporary stop on 110th Ave NE, just south of NE 6th St (SB)\r\n\nFor ST 532 to Everett, ST 535 to Lynnwood, and Route 908 to Snohomish P&R:\r\nThe temporary stop on 110th Ave NE, just south of NE 6th St (NB)",
        "url": "https://tripplanner.kingcounty.gov/#/app/tripplanning"
      }
    },
    {
      "type": "Feature",
      "geometry": {
        "type": "Point",
        "coordinates": [
          -122.194725,
          47.615509
        ]
      },
      "properties": {
        "alert_id": "1_93543",
        "stop_id": "67652",
        "stop_name": "Bellevue Transit Center - Bay 9",
        "alert_type": "Route Change",
        "status": "ongoing",
        "header": "Routes 220, 240, ST 556 and ST 566 will be rerouted around Bellevue Transit Center from Sat Aug 29 through Sun Dec 20 due to construction.",
        "description": "Affected stops:\r\nStop #68005 Bellevue Transit Center - Bay 5 (EB)\r\nStop #67652 Bellevue Transit Center - Bay 9 (WB)\r\nStop #67655 Bellevue Transit Center - Bay 8 (WB)\r\nStop #68006 Bellevue Transit Center - Bay 6\r\n\nGet on/off at:\r\nFor Route 220 to Bellevue TC and to Eastgate P&R, and ST 556 to Bellevue:\r\nThe temporary stop on 110th Ave NE, just south of NE 6th St (SB)\r\n\nFor ST 566 to Auburn and ST 556 to Issaquah:\r\nStop #85630 Bellevue Transit Center BAY 1 (SB)\r\n\nFor Route 240 to Renton and to Bellevue TC:\r\nStop #85630 Bellevue Transit Center Bay 1(SB)\r\n\nFor ST 560 to Westwood Village:\r\nThe temporary stop on 110th Ave NE, just south of NE 6th St (SB)\r\n\nFor ST 532 to Everett, ST 535 to Lynnwood, and Route 908 to Snohomish P&R:\r\nThe temporary stop on 110th Ave NE, just south of NE 6th St (NB)",
        "url": "https://tripplanner.kingcounty.gov/#/app/tripplanning"
      }
    },
    {
      "type": "Feature",
      "geometry": {
        "type": "Point",
        "coordinates": [
          -122.19426,
          47.6155014
        ]
      },
      "properties": {
        "alert_id": "1_93543",
        "stop_id": "68005",
        "stop_name": "Bellevue Transit Center - Bay 5",
        "alert_type": "Route Change",
        "status": "ongoing",
        "header": "Routes 220, 240, ST 556 and ST 566 will be rerouted around Bellevue Transit Center from Sat Aug 29 through Sun Dec 20 due to construction.",
        "description": "Affected stops:\r\nStop #68005 Bellevue Transit Center - Bay 5 (EB)\r\nStop #67652 Bellevue Transit Center - Bay 9 (WB)\r\nStop #67655 Bellevue Transit Center - Bay 8 (WB)\r\nStop #68006 Bellevue Transit Center - Bay 6\r\n\nGet on/off at:\r\nFor Route 220 to Bellevue TC and to Eastgate P&R, and ST 556 to Bellevue:\r\nThe temporary stop on 110th Ave NE, just south of NE 6th St (SB)\r\n\nFor ST 566 to Auburn and ST 556 to Issaquah:\r\nStop #85630 Bellevue Transit Center BAY 1 (SB)\r\n\nFor Route 240 to Renton and to Bellevue TC:\r\nStop #85630 Bellevue Transit Center Bay 1(SB)\r\n\nFor ST 560 to Westwood Village:\r\nThe temporary stop on 110th Ave NE, just south of NE 6th St (SB)\r\n\nFor ST 532 to Everett, ST 535 to Lynnwood, and Route 908 to Snohomish P&R:\r\nThe temporary stop on 110th Ave NE, just south of NE 6th St (NB)",
        "url": "https://tripplanner.kingcounty.gov/#/app/tripplanning"
      }
    },
    {
      "type": "Feature",
      "geometry": {
        "type": "Point",
        "coordinates": [
          -122.19426,
          47.6155014
        ]
      },
      "properties": {
        "alert_id": "1_93543",
        "stop_id": "68005",
        "stop_name": "Bellevue Transit Center - Bay 5",
        "alert_type": "Route Change",
        "status": "ongoing",
        "header": "Routes 220, 240, ST 556 and ST 566 will be rerouted around Bellevue Transit Center from Sat Aug 29 through Sun Dec 20 due to construction.",
        "description": "Affected stops:\r\nStop #68005 Bellevue Transit Center - Bay 5 (EB)\r\nStop #67652 Bellevue Transit Center - Bay 9 (WB)\r\nStop #67655 Bellevue Transit Center - Bay 8 (WB)\r\nStop #68006 Bellevue Transit Center - Bay 6\r\n\nGet on/off at:\r\nFor Route 220 to Bellevue TC and to Eastgate P&R, and ST 556 to Bellevue:\r\nThe temporary stop on 110th Ave NE, just south of NE 6th St (SB)\r\n\nFor ST 566 to Auburn and ST 556 to Issaquah:\r\nStop #85630 Bellevue Transit Center BAY 1 (SB)\r\n\nFor Route 240 to Renton and to Bellevue TC:\r\nStop #85630 Bellevue Transit Center Bay 1(SB)\r\n\nFor ST 560 to Westwood Village:\r\nThe temporary stop on 110th Ave NE, just south of NE 6th St (SB)\r\n\nFor ST 532 to Everett, ST 535 to Lynnwood, and Route 908 to Snohomish P&R:\r\nThe temporary stop on 110th Ave NE, just south of NE 6th St (NB)",
        "url": "https://tripplanner.kingcounty.gov/#/app/tripplanning"
      }
    },
    {
      "type": "Feature",
      "geometry": {
        "type": "Point",
        "coordinates": [
          -122.296936,
          47.7338562
        ]
      },
      "properties": {
        "alert_id": "1_95204",
        "stop_id": "82120",
        "stop_name": "NE 145th St & 30th Ave NE",
        "alert_type": "Route Change",
        "status": "ongoing",
        "header": "Beginning Fri Sep 18, Routes 65 and 72 will continue to serve Stop #82120 NE 145th St & 30th Ave NE (WB).",
        "description": "Affected routes:\r\n65\r\n72\r\n\nGet on/off at:\r\nFor Route 65 to Shoreline South 148th St Station:\r\nStop #38730 30th Ave NE & NE 143rd St (NB)\r\nStop #82120 NE 145th St & 30th Ave NE (WB)\r\nStop #82130 NE 145th St & 27th Ave NE (WB)\r\n\nFor Route 72 to Shoreline South 148th St Station:\r\nStop #82111 NE 145th St & Bothell Way NE (WB)\r\nStop #82120 NE 145th St & 30th Ave NE (WB)\r\nStop #82130 NE 145th St & 27th Ave NE (WB)\r\n\nScheduling and stop data for this stop will be available in Metro\u2019s Trip Planner and third-party apps after Saturday, October 10.\r\n\nWe apologize for the confusion and appreciate rider patience as updated information becomes available. This stop will be closed later for long-term construction, and Metro will share updates as the project schedule is confirmed.",
        "url": "https://tripplanner.kingcounty.gov/#/app/tripplanning"
      }
    },
    {
      "type": "Feature",
      "geometry": {
        "type": "Point",
        "coordinates": [
          -122.296936,
          47.7338562
        ]
      },
      "properties": {
        "alert_id": "1_95204",
        "stop_id": "82120",
        "stop_name": "NE 145th St & 30th Ave NE",
        "alert_type": "Route Change",
        "status": "ongoing",
        "header": "Beginning Fri Sep 18, Routes 65 and 72 will continue to serve Stop #82120 NE 145th St & 30th Ave NE (WB).",
        "description": "Affected routes:\r\n65\r\n72\r\n\nGet on/off at:\r\nFor Route 65 to Shoreline South 148th St Station:\r\nStop #38730 30th Ave NE & NE 143rd St (NB)\r\nStop #82120 NE 145th St & 30th Ave NE (WB)\r\nStop #82130 NE 145th St & 27th Ave NE (WB)\r\n\nFor Route 72 to Shoreline South 148th St Station:\r\nStop #82111 NE 145th St & Bothell Way NE (WB)\r\nStop #82120 NE 145th St & 30th Ave NE (WB)\r\nStop #82130 NE 145th St & 27th Ave NE (WB)\r\n\nScheduling and stop data for this stop will be available in Metro\u2019s Trip Planner and third-party apps after Saturday, October 10.\r\n\nWe apologize for the confusion and appreciate rider patience as updated information becomes available. This stop will be closed later for long-term construction, and Metro will share updates as the project schedule is confirmed.",
        "url": "https://tripplanner.kingcounty.gov/#/app/tripplanning"
      }
    },
    {
      "type": "Feature",
      "geometry": {
        "type": "Point",
        "coordinates": [
          -122.196983,
          47.4085503
        ]
      },
      "properties": {
        "alert_id": "1_96415",
        "stop_id": "57190",
        "stop_name": "108th Ave SE & SE 217th St",
        "alert_type": "Stop Closure",
        "status": "ongoing",
        "header": "Stop #57190 108th Ave SE & SE 217th St (NB) closed from Fri Oct 9 through Thu Dec 10 due to construction.",
        "description": "Affected routes:\r\n160\r\n\nGet on/off at:\r\nStop #57185 108th Ave SE & SE 220th Pl (NB)\r\nStop #57200 108th Ave SE & SE 212th St (NB)",
        "url": "https://tripplanner.kingcounty.gov/#/app/nextdepartures/stoproutes/3574"
      }
    },
    {
      "type": "Feature",
      "geometry": {
        "type": "Point",
        "coordinates": [
          -122.354881,
          47.551899
        ]
      },
      "properties": {
        "alert_id": "1_95965",
        "stop_id": "36140",
        "stop_name": "16th Ave SW & SW Findlay St",
        "alert_type": "Stop Closure",
        "status": "ongoing",
        "header": "Stop #36140 16th Ave SW & SW Findlay St (SB) closed from Sat Oct 3 to Sun Oct 25 7:00 AM to 5:00 PM daily due to construction.",
        "description": "Affected routes:\r\n125\r\n\nGet on/off at:\r\nStop #36120 16th Ave SW & SW Brandon St (SB)\r\nStop #36145 SSC North Entrance (SB)",
        "url": "https://tripplanner.kingcounty.gov/#/app/nextdepartures/stoproutes/1701"
      }
    },
    {
      "type": "Feature",
      "geometry": {
        "type": "Point",
        "coordinates": [
          -122.223755,
          47.3154182
        ]
      },
      "properties": {
        "alert_id": "1_93789",
        "stop_id": "57903",
        "stop_name": "Auburn Way N & 9th St NE",
        "alert_type": "Stop Relocation",
        "status": "ongoing",
        "header": "Stop #57903 Auburn Way N & 9th St NE (SB) relocated from Mon Aug 31 through Fri Oct 30 due to construction.",
        "description": "Affected routes:\r\n160\r\n\nGet on/off at:\r\nStop #57901 Auburn Way N & 15th St NE (SB)\r\nThe temporary stop on Auburn Way N, just south of the closed stop (SB)",
        "url": "https://tripplanner.kingcounty.gov/#/app/nextdepartures/stoproutes/74999"
      }
    },
    {
      "type": "Feature",
      "geometry": {
        "type": "Point",
        "coordinates": [
          -122.197174,
          47.4078369
        ]
      },
      "properties": {
        "alert_id": "1_96411",
        "stop_id": "57370",
        "stop_name": "108th Ave SE & SE 217th St",
        "alert_type": "Stop Closure",
        "status": "ongoing",
        "header": "Stop #57370 108th Ave SE & SE 217th St (SB) closed from Fri Oct 9 through Thu Dec 10 due to construction.",
        "description": "Affected routes:\r\n160\r\n\nGet on/off at:\r\nStop #57360 108th Ave SE & SE 212th St (SB)\r\nStop #57375 108th Ave SE & SE 220th Pl (SB)",
        "url": "https://tripplanner.kingcounty.gov/#/app/nextdepartures/stoproutes/3575"
      }
    },
    {
      "type": "Feature",
      "geometry": {
        "type": "Point",
        "coordinates": [
          -122.355362,
          47.6191177
        ]
      },
      "properties": {
        "alert_id": "1_96259",
        "stop_id": "2330",
        "stop_name": "1st Ave N & Denny Way",
        "alert_type": "Route Change",
        "status": "upcoming",
        "header": "Route 8 will be rerouted in the Seattle Center area from 7:30 AM to 1:00 PM on Sat Oct 10 due to the Puget Sound Heart & Stroke Walk.",
        "description": "Affected stops:\r\nStop #2672 Queen Anne Ave N & W Mercer St (SB)\r\nStop #2180 Queen Anne Ave N & W Harrison St (SB)\r\nStop #2200 Queen Anne Ave N & W John St (SB)\r\nStop #2244 Denny Way & 2nd Ave N (EB)\r\nStop #2245 Denny Way & 5th Ave N (EB)\r\nStop #2250 Denny Way & Dexter Ave (EB)\r\nStop #2249 Denny Way & 7th Ave N (WB)\r\nStop #2300 Denny Way & 5th Ave N (WB)\r\nStop #20829 Denny Way & 2nd Ave N (WB)\r\nStop #2330 1st Ave N & Denny Way (NB)\r\nStop #2360 1st Ave N & Republican St (NB)\r\nStop #2370 Mercer St & Queen Anne Ave N (WB)\r\n\nFor Route 8 to Mount Baker TC get on/off at:\r\nThe temporary stop on Roy St, just west of 1st Ave N (EB)\r\nStop #2255 Denny Way & Westlake Ave (EB)\r\n\nFor Route 8 to Seattle Center get on/off at:\r\nStop #2291 Denny Way & Westlake Ave (WB)\r\nStop #6240 Dexter Ave N & Denny Way (NB)\r\n\nNote: Board any route that serves stops #2330 and #2360 to continue north.",
        "url": "https://tripplanner.kingcounty.gov/#/app/nextdepartures/routeheadway/full/8/W/"
      }
    },
    {
      "type": "Feature",
      "geometry": {
        "type": "Point",
        "coordinates": [
          -122.343323,
          47.6186256
        ]
      },
      "properties": {
        "alert_id": "1_96259",
        "stop_id": "2249",
        "stop_name": "Denny Way & 7th Ave N",
        "alert_type": "Route Change",
        "status": "upcoming",
        "header": "Route 8 will be rerouted in the Seattle Center area from 7:30 AM to 1:00 PM on Sat Oct 10 due to the Puget Sound Heart & Stroke Walk.",
        "description": "Affected stops:\r\nStop #2672 Queen Anne Ave N & W Mercer St (SB)\r\nStop #2180 Queen Anne Ave N & W Harrison St (SB)\r\nStop #2200 Queen Anne Ave N & W John St (SB)\r\nStop #2244 Denny Way & 2nd Ave N (EB)\r\nStop #2245 Denny Way & 5th Ave N (EB)\r\nStop #2250 Denny Way & Dexter Ave (EB)\r\nStop #2249 Denny Way & 7th Ave N (WB)\r\nStop #2300 Denny Way & 5th Ave N (WB)\r\nStop #20829 Denny Way & 2nd Ave N (WB)\r\nStop #2330 1st Ave N & Denny Way (NB)\r\nStop #2360 1st Ave N & Republican St (NB)\r\nStop #2370 Mercer St & Queen Anne Ave N (WB)\r\n\nFor Route 8 to Mount Baker TC get on/off at:\r\nThe temporary stop on Roy St, just west of 1st Ave N (EB)\r\nStop #2255 Denny Way & Westlake Ave (EB)\r\n\nFor Route 8 to Seattle Center get on/off at:\r\nStop #2291 Denny Way & Westlake Ave (WB)\r\nStop #6240 Dexter Ave N & Denny Way (NB)\r\n\nNote: Board any route that serves stops #2330 and #2360 to continue north.",
        "url": "https://tripplanner.kingcounty.gov/#/app/nextdepartures/routeheadway/full/8/W/"
      }
    },
    {
      "type": "Feature",
      "geometry": {
        "type": "Point",
        "coordinates": [
          -122.352615,
          47.61866
        ]
      },
      "properties": {
        "alert_id": "1_96259",
        "stop_id": "20829",
        "stop_name": "Denny Way & 2nd Ave N",
        "alert_type": "Route Change",
        "status": "upcoming",
        "header": "Route 8 will be rerouted in the Seattle Center area from 7:30 AM to 1:00 PM on Sat Oct 10 due to the Puget Sound Heart & Stroke Walk.",
        "description": "Affected stops:\r\nStop #2672 Queen Anne Ave N & W Mercer St (SB)\r\nStop #2180 Queen Anne Ave N & W Harrison St (SB)\r\nStop #2200 Queen Anne Ave N & W John St (SB)\r\nStop #2244 Denny Way & 2nd Ave N (EB)\r\nStop #2245 Denny Way & 5th Ave N (EB)\r\nStop #2250 Denny Way & Dexter Ave (EB)\r\nStop #2249 Denny Way & 7th Ave N (WB)\r\nStop #2300 Denny Way & 5th Ave N (WB)\r\nStop #20829 Denny Way & 2nd Ave N (WB)\r\nStop #2330 1st Ave N & Denny Way (NB)\r\nStop #2360 1st Ave N & Republican St (NB)\r\nStop #2370 Mercer St & Queen Anne Ave N (WB)\r\n\nFor Route 8 to Mount Baker TC get on/off at:\r\nThe temporary stop on Roy St, just west of 1st Ave N (EB)\r\nStop #2255 Denny Way & Westlake Ave (EB)\r\n\nFor Route 8 to Seattle Center get on/off at:\r\nStop #2291 Denny Way & Westlake Ave (WB)\r\nStop #6240 Dexter Ave N & Denny Way (NB)\r\n\nNote: Board any route that serves stops #2330 and #2360 to continue north.",
        "url": "https://tripplanner.kingcounty.gov/#/app/nextdepartures/routeheadway/full/8/W/"
      }
    },
    {
      "type": "Feature",
      "geometry": {
        "type": "Point",
        "coordinates": [
          -122.356819,
          47.6218338
        ]
      },
      "properties": {
        "alert_id": "1_96259",
        "stop_id": "2180",
        "stop_name": "Queen Anne Ave N & W Harrison St",
        "alert_type": "Route Change",
        "status": "upcoming",
        "header": "Route 8 will be rerouted in the Seattle Center area from 7:30 AM to 1:00 PM on Sat Oct 10 due to the Puget Sound Heart & Stroke Walk.",
        "description": "Affected stops:\r\nStop #2672 Queen Anne Ave N & W Mercer St (SB)\r\nStop #2180 Queen Anne Ave N & W Harrison St (SB)\r\nStop #2200 Queen Anne Ave N & W John St (SB)\r\nStop #2244 Denny Way & 2nd Ave N (EB)\r\nStop #2245 Denny Way & 5th Ave N (EB)\r\nStop #2250 Denny Way & Dexter Ave (EB)\r\nStop #2249 Denny Way & 7th Ave N (WB)\r\nStop #2300 Denny Way & 5th Ave N (WB)\r\nStop #20829 Denny Way & 2nd Ave N (WB)\r\nStop #2330 1st Ave N & Denny Way (NB)\r\nStop #2360 1st Ave N & Republican St (NB)\r\nStop #2370 Mercer St & Queen Anne Ave N (WB)\r\n\nFor Route 8 to Mount Baker TC get on/off at:\r\nThe temporary stop on Roy St, just west of 1st Ave N (EB)\r\nStop #2255 Denny Way & Westlake Ave (EB)\r\n\nFor Route 8 to Seattle Center get on/off at:\r\nStop #2291 Denny Way & Westlake Ave (WB)\r\nStop #6240 Dexter Ave N & Denny Way (NB)\r\n\nNote: Board any route that serves stops #2330 and #2360 to continue north.",
        "url": "https://tripplanner.kingcounty.gov/#/app/nextdepartures/routeheadway/full/8/W/"
      }
    },
    {
      "type": "Feature",
      "geometry": {
        "type": "Point",
        "coordinates": [
          -122.347847,
          47.6186409
        ]
      },
      "properties": {
        "alert_id": "1_96259",
        "stop_id": "2300",
        "stop_name": "Denny Way & 5th Ave N",
        "alert_type": "Route Change",
        "status": "upcoming",
        "header": "Route 8 will be rerouted in the Seattle Center area from 7:30 AM to 1:00 PM on Sat Oct 10 due to the Puget Sound Heart & Stroke Walk.",
        "description": "Affected stops:\r\nStop #2672 Queen Anne Ave N & W Mercer St (SB)\r\nStop #2180 Queen Anne Ave N & W Harrison St (SB)\r\nStop #2200 Queen Anne Ave N & W John St (SB)\r\nStop #2244 Denny Way & 2nd Ave N (EB)\r\nStop #2245 Denny Way & 5th Ave N (EB)\r\nStop #2250 Denny Way & Dexter Ave (EB)\r\nStop #2249 Denny Way & 7th Ave N (WB)\r\nStop #2300 Denny Way & 5th Ave N (WB)\r\nStop #20829 Denny Way & 2nd Ave N (WB)\r\nStop #2330 1st Ave N & Denny Way (NB)\r\nStop #2360 1st Ave N & Republican St (NB)\r\nStop #2370 Mercer St & Queen Anne Ave N (WB)\r\n\nFor Route 8 to Mount Baker TC get on/off at:\r\nThe temporary stop on Roy St, just west of 1st Ave N (EB)\r\nStop #2255 Denny Way & Westlake Ave (EB)\r\n\nFor Route 8 to Seattle Center get on/off at:\r\nStop #2291 Denny Way & Westlake Ave (WB)\r\nStop #6240 Dexter Ave N & Denny Way (NB)\r\n\nNote: Board any route that serves stops #2330 and #2360 to continue north.",
        "url": "https://tripplanner.kingcounty.gov/#/app/nextdepartures/routeheadway/full/8/W/"
      }
    },
    {
      "type": "Feature",
      "geometry": {
        "type": "Point",
        "coordinates": [
          -122.35685,
          47.6192665
        ]
      },
      "properties": {
        "alert_id": "1_96259",
        "stop_id": "2200",
        "stop_name": "Queen Anne Ave N & W John St",
        "alert_type": "Route Change",
        "status": "upcoming",
        "header": "Route 8 will be rerouted in the Seattle Center area from 7:30 AM to 1:00 PM on Sat Oct 10 due to the Puget Sound Heart & Stroke Walk.",
        "description": "Affected stops:\r\nStop #2672 Queen Anne Ave N & W Mercer St (SB)\r\nStop #2180 Queen Anne Ave N & W Harrison St (SB)\r\nStop #2200 Queen Anne Ave N & W John St (SB)\r\nStop #2244 Denny Way & 2nd Ave N (EB)\r\nStop #2245 Denny Way & 5th Ave N (EB)\r\nStop #2250 Denny Way & Dexter Ave (EB)\r\nStop #2249 Denny Way & 7th Ave N (WB)\r\nStop #2300 Denny Way & 5th Ave N (WB)\r\nStop #20829 Denny Way & 2nd Ave N (WB)\r\nStop #2330 1st Ave N & Denny Way (NB)\r\nStop #2360 1st Ave N & Republican St (NB)\r\nStop #2370 Mercer St & Queen Anne Ave N (WB)\r\n\nFor Route 8 to Mount Baker TC get on/off at:\r\nThe temporary stop on Roy St, just west of 1st Ave N (EB)\r\nStop #2255 Denny Way & Westlake Ave (EB)\r\n\nFor Route 8 to Seattle Center get on/off at:\r\nStop #2291 Denny Way & Westlake Ave (WB)\r\nStop #6240 Dexter Ave N & Denny Way (NB)\r\n\nNote: Board any route that serves stops #2330 and #2360 to continue north.",
        "url": "https://tripplanner.kingcounty.gov/#/app/nextdepartures/routeheadway/full/8/W/"
      }
    },
    {
      "type": "Feature",
      "geometry": {
        "type": "Point",
        "coordinates": [
          -122.356812,
          47.6240616
        ]
      },
      "properties": {
        "alert_id": "1_96259",
        "stop_id": "2672",
        "stop_name": "Queen Anne Ave N & W Mercer St",
        "alert_type": "Route Change",
        "status": "upcoming",
        "header": "Route 8 will be rerouted in the Seattle Center area from 7:30 AM to 1:00 PM on Sat Oct 10 due to the Puget Sound Heart & Stroke Walk.",
        "description": "Affected stops:\r\nStop #2672 Queen Anne Ave N & W Mercer St (SB)\r\nStop #2180 Queen Anne Ave N & W Harrison St (SB)\r\nStop #2200 Queen Anne Ave N & W John St (SB)\r\nStop #2244 Denny Way & 2nd Ave N (EB)\r\nStop #2245 Denny Way & 5th Ave N (EB)\r\nStop #2250 Denny Way & Dexter Ave (EB)\r\nStop #2249 Denny Way & 7th Ave N (WB)\r\nStop #2300 Denny Way & 5th Ave N (WB)\r\nStop #20829 Denny Way & 2nd Ave N (WB)\r\nStop #2330 1st Ave N & Denny Way (NB)\r\nStop #2360 1st Ave N & Republican St (NB)\r\nStop #2370 Mercer St & Queen Anne Ave N (WB)\r\n\nFor Route 8 to Mount Baker TC get on/off at:\r\nThe temporary stop on Roy St, just west of 1st Ave N (EB)\r\nStop #2255 Denny Way & Westlake Ave (EB)\r\n\nFor Route 8 to Seattle Center get on/off at:\r\nStop #2291 Denny Way & Westlake Ave (WB)\r\nStop #6240 Dexter Ave N & Denny Way (NB)\r\n\nNote: Board any route that serves stops #2330 and #2360 to continue north.",
        "url": "https://tripplanner.kingcounty.gov/#/app/nextdepartures/routeheadway/full/8/W/"
      }
    },
    {
      "type": "Feature",
      "geometry": {
        "type": "Point",
        "coordinates": [
          -122.355309,
          47.6231232
        ]
      },
      "properties": {
        "alert_id": "1_96259",
        "stop_id": "2360",
        "stop_name": "1st Ave N & Republican St",
        "alert_type": "Route Change",
        "status": "upcoming",
        "header": "Route 8 will be rerouted in the Seattle Center area from 7:30 AM to 1:00 PM on Sat Oct 10 due to the Puget Sound Heart & Stroke Walk.",
        "description": "Affected stops:\r\nStop #2672 Queen Anne Ave N & W Mercer St (SB)\r\nStop #2180 Queen Anne Ave N & W Harrison St (SB)\r\nStop #2200 Queen Anne Ave N & W John St (SB)\r\nStop #2244 Denny Way & 2nd Ave N (EB)\r\nStop #2245 Denny Way & 5th Ave N (EB)\r\nStop #2250 Denny Way & Dexter Ave (EB)\r\nStop #2249 Denny Way & 7th Ave N (WB)\r\nStop #2300 Denny Way & 5th Ave N (WB)\r\nStop #20829 Denny Way & 2nd Ave N (WB)\r\nStop #2330 1st Ave N & Denny Way (NB)\r\nStop #2360 1st Ave N & Republican St (NB)\r\nStop #2370 Mercer St & Queen Anne Ave N (WB)\r\n\nFor Route 8 to Mount Baker TC get on/off at:\r\nThe temporary stop on Roy St, just west of 1st Ave N (EB)\r\nStop #2255 Denny Way & Westlake Ave (EB)\r\n\nFor Route 8 to Seattle Center get on/off at:\r\nStop #2291 Denny Way & Westlake Ave (WB)\r\nStop #6240 Dexter Ave N & Denny Way (NB)\r\n\nNote: Board any route that serves stops #2330 and #2360 to continue north.",
        "url": "https://tripplanner.kingcounty.gov/#/app/nextdepartures/routeheadway/full/8/W/"
      }
    },
    {
      "type": "Feature",
      "geometry": {
        "type": "Point",
        "coordinates": [
          -122.356552,
          47.624649
        ]
      },
      "properties": {
        "alert_id": "1_96259",
        "stop_id": "2370",
        "stop_name": "Mercer St & Queen Anne Ave N",
        "alert_type": "Route Change",
        "status": "upcoming",
        "header": "Route 8 will be rerouted in the Seattle Center area from 7:30 AM to 1:00 PM on Sat Oct 10 due to the Puget Sound Heart & Stroke Walk.",
        "description": "Affected stops:\r\nStop #2672 Queen Anne Ave N & W Mercer St (SB)\r\nStop #2180 Queen Anne Ave N & W Harrison St (SB)\r\nStop #2200 Queen Anne Ave N & W John St (SB)\r\nStop #2244 Denny Way & 2nd Ave N (EB)\r\nStop #2245 Denny Way & 5th Ave N (EB)\r\nStop #2250 Denny Way & Dexter Ave (EB)\r\nStop #2249 Denny Way & 7th Ave N (WB)\r\nStop #2300 Denny Way & 5th Ave N (WB)\r\nStop #20829 Denny Way & 2nd Ave N (WB)\r\nStop #2330 1st Ave N & Denny Way (NB)\r\nStop #2360 1st Ave N & Republican St (NB)\r\nStop #2370 Mercer St & Queen Anne Ave N (WB)\r\n\nFor Route 8 to Mount Baker TC get on/off at:\r\nThe temporary stop on Roy St, just west of 1st Ave N (EB)\r\nStop #2255 Denny Way & Westlake Ave (EB)\r\n\nFor Route 8 to Seattle Center get on/off at:\r\nStop #2291 Denny Way & Westlake Ave (WB)\r\nStop #6240 Dexter Ave N & Denny Way (NB)\r\n\nNote: Board any route that serves stops #2330 and #2360 to continue north.",
        "url": "https://tripplanner.kingcounty.gov/#/app/nextdepartures/routeheadway/full/8/W/"
      }
    },
    {
      "type": "Feature",
      "geometry": {
        "type": "Point",
        "coordinates": [
          -122.351715,
          47.618515
        ]
      },
      "properties": {
        "alert_id": "1_96259",
        "stop_id": "2244",
        "stop_name": "Denny Way & 2nd Ave N",
        "alert_type": "Route Change",
        "status": "upcoming",
        "header": "Route 8 will be rerouted in the Seattle Center area from 7:30 AM to 1:00 PM on Sat Oct 10 due to the Puget Sound Heart & Stroke Walk.",
        "description": "Affected stops:\r\nStop #2672 Queen Anne Ave N & W Mercer St (SB)\r\nStop #2180 Queen Anne Ave N & W Harrison St (SB)\r\nStop #2200 Queen Anne Ave N & W John St (SB)\r\nStop #2244 Denny Way & 2nd Ave N (EB)\r\nStop #2245 Denny Way & 5th Ave N (EB)\r\nStop #2250 Denny Way & Dexter Ave (EB)\r\nStop #2249 Denny Way & 7th Ave N (WB)\r\nStop #2300 Denny Way & 5th Ave N (WB)\r\nStop #20829 Denny Way & 2nd Ave N (WB)\r\nStop #2330 1st Ave N & Denny Way (NB)\r\nStop #2360 1st Ave N & Republican St (NB)\r\nStop #2370 Mercer St & Queen Anne Ave N (WB)\r\n\nFor Route 8 to Mount Baker TC get on/off at:\r\nThe temporary stop on Roy St, just west of 1st Ave N (EB)\r\nStop #2255 Denny Way & Westlake Ave (EB)\r\n\nFor Route 8 to Seattle Center get on/off at:\r\nStop #2291 Denny Way & Westlake Ave (WB)\r\nStop #6240 Dexter Ave N & Denny Way (NB)\r\n\nNote: Board any route that serves stops #2330 and #2360 to continue north.",
        "url": "https://tripplanner.kingcounty.gov/#/app/nextdepartures/routeheadway/full/8/W/"
      }
    },
    {
      "type": "Feature",
      "geometry": {
        "type": "Point",
        "coordinates": [
          -122.347878,
          47.6185036
        ]
      },
      "properties": {
        "alert_id": "1_96259",
        "stop_id": "2245",
        "stop_name": "Denny Way & 5th Ave N",
        "alert_type": "Route Change",
        "status": "upcoming",
        "header": "Route 8 will be rerouted in the Seattle Center area from 7:30 AM to 1:00 PM on Sat Oct 10 due to the Puget Sound Heart & Stroke Walk.",
        "description": "Affected stops:\r\nStop #2672 Queen Anne Ave N & W Mercer St (SB)\r\nStop #2180 Queen Anne Ave N & W Harrison St (SB)\r\nStop #2200 Queen Anne Ave N & W John St (SB)\r\nStop #2244 Denny Way & 2nd Ave N (EB)\r\nStop #2245 Denny Way & 5th Ave N (EB)\r\nStop #2250 Denny Way & Dexter Ave (EB)\r\nStop #2249 Denny Way & 7th Ave N (WB)\r\nStop #2300 Denny Way & 5th Ave N (WB)\r\nStop #20829 Denny Way & 2nd Ave N (WB)\r\nStop #2330 1st Ave N & Denny Way (NB)\r\nStop #2360 1st Ave N & Republican St (NB)\r\nStop #2370 Mercer St & Queen Anne Ave N (WB)\r\n\nFor Route 8 to Mount Baker TC get on/off at:\r\nThe temporary stop on Roy St, just west of 1st Ave N (EB)\r\nStop #2255 Denny Way & Westlake Ave (EB)\r\n\nFor Route 8 to Seattle Center get on/off at:\r\nStop #2291 Denny Way & Westlake Ave (WB)\r\nStop #6240 Dexter Ave N & Denny Way (NB)\r\n\nNote: Board any route that serves stops #2330 and #2360 to continue north.",
        "url": "https://tripplanner.kingcounty.gov/#/app/nextdepartures/routeheadway/full/8/W/"
      }
    },
    {
      "type": "Feature",
      "geometry": {
        "type": "Point",
        "coordinates": [
          -122.342545,
          47.6184807
        ]
      },
      "properties": {
        "alert_id": "1_96259",
        "stop_id": "2250",
        "stop_name": "Denny Way & Dexter Ave",
        "alert_type": "Route Change",
        "status": "upcoming",
        "header": "Route 8 will be rerouted in the Seattle Center area from 7:30 AM to 1:00 PM on Sat Oct 10 due to the Puget Sound Heart & Stroke Walk.",
        "description": "Affected stops:\r\nStop #2672 Queen Anne Ave N & W Mercer St (SB)\r\nStop #2180 Queen Anne Ave N & W Harrison St (SB)\r\nStop #2200 Queen Anne Ave N & W John St (SB)\r\nStop #2244 Denny Way & 2nd Ave N (EB)\r\nStop #2245 Denny Way & 5th Ave N (EB)\r\nStop #2250 Denny Way & Dexter Ave (EB)\r\nStop #2249 Denny Way & 7th Ave N (WB)\r\nStop #2300 Denny Way & 5th Ave N (WB)\r\nStop #20829 Denny Way & 2nd Ave N (WB)\r\nStop #2330 1st Ave N & Denny Way (NB)\r\nStop #2360 1st Ave N & Republican St (NB)\r\nStop #2370 Mercer St & Queen Anne Ave N (WB)\r\n\nFor Route 8 to Mount Baker TC get on/off at:\r\nThe temporary stop on Roy St, just west of 1st Ave N (EB)\r\nStop #2255 Denny Way & Westlake Ave (EB)\r\n\nFor Route 8 to Seattle Center get on/off at:\r\nStop #2291 Denny Way & Westlake Ave (WB)\r\nStop #6240 Dexter Ave N & Denny Way (NB)\r\n\nNote: Board any route that serves stops #2330 and #2360 to continue north.",
        "url": "https://tripplanner.kingcounty.gov/#/app/nextdepartures/routeheadway/full/8/W/"
      }
    },
    {
      "type": "Feature",
      "geometry": {
        "type": "Point",
        "coordinates": [
          -122.341743,
          47.6129951
        ]
      },
      "properties": {
        "alert_id": "1_96254",
        "stop_id": "600",
        "stop_name": "3rd Ave & Virginia St",
        "alert_type": "Route Change",
        "status": "upcoming",
        "header": "RapidRide E Line will be rerouted in the Downtown Seattle area from 7:30 AM to 1:00 PM on Sat Oct 10 due to the Puget Sound Heart & Stroke Walk.",
        "description": "Affected stops:\r\nStop #558 3rd Ave & Seneca St (NB)\r\nStop #575 3rd Ave & Pike St (NB)\r\nStop #600 3rd Ave & Virginia St (NB)\r\nStop #605 3rd Ave & Bell St (NB)\r\nStop #6176 7th Ave N & Thomas St (SB)\r\nStop #7430 Wall St & 5th Ave (WB)\r\n\nFor RapidRide E Line to Aurora Village TC get on/off at:\r\nStop #538 3rd Ave & Columbia St (NB)\r\nThe temporary stop on 6th Ave, just south of Union St (NB)\r\nThe temporary stop on 6th Ave, just south of Pine St (NB)\r\nThe temporary stop on 6th Ave, just south of Viriginia St (NB)\r\nThe temporary stop on 6th Ave, just south of Bell St (NB)\r\nStop #6236 7th Ave N & Denny Way (NB)\r\n\nFor RapidRide E Line to Downtown Seattle get on/off at:\r\nStop #400 3rd Ave & Bell St (SB)",
        "url": "https://tripplanner.kingcounty.gov/#/app/nextdepartures/routeheadway/full/675/N/"
      }
    },
    {
      "type": "Feature",
      "geometry": {
        "type": "Point",
        "coordinates": [
          -122.335213,
          47.6070518
        ]
      },
      "properties": {
        "alert_id": "1_96254",
        "stop_id": "558",
        "stop_name": "3rd Ave & Seneca St",
        "alert_type": "Route Change",
        "status": "upcoming",
        "header": "RapidRide E Line will be rerouted in the Downtown Seattle area from 7:30 AM to 1:00 PM on Sat Oct 10 due to the Puget Sound Heart & Stroke Walk.",
        "description": "Affected stops:\r\nStop #558 3rd Ave & Seneca St (NB)\r\nStop #575 3rd Ave & Pike St (NB)\r\nStop #600 3rd Ave & Virginia St (NB)\r\nStop #605 3rd Ave & Bell St (NB)\r\nStop #6176 7th Ave N & Thomas St (SB)\r\nStop #7430 Wall St & 5th Ave (WB)\r\n\nFor RapidRide E Line to Aurora Village TC get on/off at:\r\nStop #538 3rd Ave & Columbia St (NB)\r\nThe temporary stop on 6th Ave, just south of Union St (NB)\r\nThe temporary stop on 6th Ave, just south of Pine St (NB)\r\nThe temporary stop on 6th Ave, just south of Viriginia St (NB)\r\nThe temporary stop on 6th Ave, just south of Bell St (NB)\r\nStop #6236 7th Ave N & Denny Way (NB)\r\n\nFor RapidRide E Line to Downtown Seattle get on/off at:\r\nStop #400 3rd Ave & Bell St (SB)",
        "url": "https://tripplanner.kingcounty.gov/#/app/nextdepartures/routeheadway/full/675/N/"
      }
    },
    {
      "type": "Feature",
      "geometry": {
        "type": "Point",
        "coordinates": [
          -122.345268,
          47.6175041
        ]
      },
      "properties": {
        "alert_id": "1_96254",
        "stop_id": "7430",
        "stop_name": "Wall St & 5th Ave",
        "alert_type": "Route Change",
        "status": "upcoming",
        "header": "RapidRide E Line will be rerouted in the Downtown Seattle area from 7:30 AM to 1:00 PM on Sat Oct 10 due to the Puget Sound Heart & Stroke Walk.",
        "description": "Affected stops:\r\nStop #558 3rd Ave & Seneca St (NB)\r\nStop #575 3rd Ave & Pike St (NB)\r\nStop #600 3rd Ave & Virginia St (NB)\r\nStop #605 3rd Ave & Bell St (NB)\r\nStop #6176 7th Ave N & Thomas St (SB)\r\nStop #7430 Wall St & 5th Ave (WB)\r\n\nFor RapidRide E Line to Aurora Village TC get on/off at:\r\nStop #538 3rd Ave & Columbia St (NB)\r\nThe temporary stop on 6th Ave, just south of Union St (NB)\r\nThe temporary stop on 6th Ave, just south of Pine St (NB)\r\nThe temporary stop on 6th Ave, just south of Viriginia St (NB)\r\nThe temporary stop on 6th Ave, just south of Bell St (NB)\r\nStop #6236 7th Ave N & Denny Way (NB)\r\n\nFor RapidRide E Line to Downtown Seattle get on/off at:\r\nStop #400 3rd Ave & Bell St (SB)",
        "url": "https://tripplanner.kingcounty.gov/#/app/nextdepartures/routeheadway/full/675/N/"
      }
    },
    {
      "type": "Feature",
      "geometry": {
        "type": "Point",
        "coordinates": [
          -122.337585,
          47.609642
        ]
      },
      "properties": {
        "alert_id": "1_96254",
        "stop_id": "575",
        "stop_name": "3rd Ave & Pike St",
        "alert_type": "Route Change",
        "status": "upcoming",
        "header": "RapidRide E Line will be rerouted in the Downtown Seattle area from 7:30 AM to 1:00 PM on Sat Oct 10 due to the Puget Sound Heart & Stroke Walk.",
        "description": "Affected stops:\r\nStop #558 3rd Ave & Seneca St (NB)\r\nStop #575 3rd Ave & Pike St (NB)\r\nStop #600 3rd Ave & Virginia St (NB)\r\nStop #605 3rd Ave & Bell St (NB)\r\nStop #6176 7th Ave N & Thomas St (SB)\r\nStop #7430 Wall St & 5th Ave (WB)\r\n\nFor RapidRide E Line to Aurora Village TC get on/off at:\r\nStop #538 3rd Ave & Columbia St (NB)\r\nThe temporary stop on 6th Ave, just south of Union St (NB)\r\nThe temporary stop on 6th Ave, just south of Pine St (NB)\r\nThe temporary stop on 6th Ave, just south of Viriginia St (NB)\r\nThe temporary stop on 6th Ave, just south of Bell St (NB)\r\nStop #6236 7th Ave N & Denny Way (NB)\r\n\nFor RapidRide E Line to Downtown Seattle get on/off at:\r\nStop #400 3rd Ave & Bell St (SB)",
        "url": "https://tripplanner.kingcounty.gov/#/app/nextdepartures/routeheadway/full/675/N/"
      }
    },
    {
      "type": "Feature",
      "geometry": {
        "type": "Point",
        "coordinates": [
          -122.345337,
          47.6151199
        ]
      },
      "properties": {
        "alert_id": "1_96254",
        "stop_id": "605",
        "stop_name": "3rd Ave & Bell St",
        "alert_type": "Route Change",
        "status": "upcoming",
        "header": "RapidRide E Line will be rerouted in the Downtown Seattle area from 7:30 AM to 1:00 PM on Sat Oct 10 due to the Puget Sound Heart & Stroke Walk.",
        "description": "Affected stops:\r\nStop #558 3rd Ave & Seneca St (NB)\r\nStop #575 3rd Ave & Pike St (NB)\r\nStop #600 3rd Ave & Virginia St (NB)\r\nStop #605 3rd Ave & Bell St (NB)\r\nStop #6176 7th Ave N & Thomas St (SB)\r\nStop #7430 Wall St & 5th Ave (WB)\r\n\nFor RapidRide E Line to Aurora Village TC get on/off at:\r\nStop #538 3rd Ave & Columbia St (NB)\r\nThe temporary stop on 6th Ave, just south of Union St (NB)\r\nThe temporary stop on 6th Ave, just south of Pine St (NB)\r\nThe temporary stop on 6th Ave, just south of Viriginia St (NB)\r\nThe temporary stop on 6th Ave, just south of Bell St (NB)\r\nStop #6236 7th Ave N & Denny Way (NB)\r\n\nFor RapidRide E Line to Downtown Seattle get on/off at:\r\nStop #400 3rd Ave & Bell St (SB)",
        "url": "https://tripplanner.kingcounty.gov/#/app/nextdepartures/routeheadway/full/675/N/"
      }
    },
    {
      "type": "Feature",
      "geometry": {
        "type": "Point",
        "coordinates": [
          -122.343842,
          47.6210556
        ]
      },
      "properties": {
        "alert_id": "1_96254",
        "stop_id": "6176",
        "stop_name": "7th Ave N & Thomas St",
        "alert_type": "Route Change",
        "status": "upcoming",
        "header": "RapidRide E Line will be rerouted in the Downtown Seattle area from 7:30 AM to 1:00 PM on Sat Oct 10 due to the Puget Sound Heart & Stroke Walk.",
        "description": "Affected stops:\r\nStop #558 3rd Ave & Seneca St (NB)\r\nStop #575 3rd Ave & Pike St (NB)\r\nStop #600 3rd Ave & Virginia St (NB)\r\nStop #605 3rd Ave & Bell St (NB)\r\nStop #6176 7th Ave N & Thomas St (SB)\r\nStop #7430 Wall St & 5th Ave (WB)\r\n\nFor RapidRide E Line to Aurora Village TC get on/off at:\r\nStop #538 3rd Ave & Columbia St (NB)\r\nThe temporary stop on 6th Ave, just south of Union St (NB)\r\nThe temporary stop on 6th Ave, just south of Pine St (NB)\r\nThe temporary stop on 6th Ave, just south of Viriginia St (NB)\r\nThe temporary stop on 6th Ave, just south of Bell St (NB)\r\nStop #6236 7th Ave N & Denny Way (NB)\r\n\nFor RapidRide E Line to Downtown Seattle get on/off at:\r\nStop #400 3rd Ave & Bell St (SB)",
        "url": "https://tripplanner.kingcounty.gov/#/app/nextdepartures/routeheadway/full/675/N/"
      }
    },
    {
      "type": "Feature",
      "geometry": {
        "type": "Point",
        "coordinates": [
          -122.158569,
          47.57164
        ]
      },
      "properties": {
        "alert_id": "1_95166",
        "stop_id": "64760",
        "stop_name": "SE Allen Rd & SE Newport Way",
        "alert_type": "Route Change",
        "status": "ongoing",
        "header": "Route 989 to Factoria will be rerouted off SE Allen Rd between SE Eastgate Way and SE Newport Way from Mon Oct 5 through Mon Dec 21 due to construction.",
        "description": "Affected stops:\r\nStop #64760 SE Allen Rd & SE Newport Way (WB)\r\n\nGet on/off at:\r\nStop #65159 SE Newport Way & SE Allen Rd (WB)",
        "url": "https://tripplanner.kingcounty.gov/#/app/nextdepartures/routeheadway/full/989/E/"
      }
    },
    {
      "type": "Feature",
      "geometry": {
        "type": "Point",
        "coordinates": [
          -122.276947,
          47.6757164
        ]
      },
      "properties": {
        "alert_id": "1_95562",
        "stop_id": "37510",
        "stop_name": "NE 65th St & Wellesley Way NE",
        "alert_type": "Stop Closure",
        "status": "ongoing",
        "header": "Stop #37510 NE 65th St & Wellesley Way NE (EB) closed from Mon Sep 28 to Fri Oct 16 at 4:00 PM due to construction.",
        "description": "Affected routes:\r\n62\r\n\nGet on/off:\r\nStop #37500 NE 65th St & 45th Ave NE (EB)\r\nThe temporary stop on NE 65th St, just east of the closed stop (EB)\r\n",
        "url": "https://tripplanner.kingcounty.gov/#/app/nextdepartures/stoproutes/3094"
      }
    },
    {
      "type": "Feature",
      "geometry": {
        "type": "Point",
        "coordinates": [
          -122.337585,
          47.609642
        ]
      },
      "properties": {
        "alert_id": "1_96370",
        "stop_id": "575",
        "stop_name": "3rd Ave & Pike St",
        "alert_type": "Route Change",
        "status": "upcoming",
        "header": "Route 70 will be rerouted in the Downtown Seattle area from 7:30 AM to 1:00 PM on Sat Oct 10 due to the Puget Sound Heart & Stroke Walk.",
        "description": "Affected stops:\r\nStop #558 3rd Ave & Seneca St (NB)\r\nStop #575 3rd Ave & Pike St (NB)\r\nStop #880 Virginia St & 6th Ave (EB)\r\nStop #430 3rd Ave & Pine St (SB)\r\nStop #450 3rd Ave & Union St (SB)\r\n\nFor Route 70 to University District get on/off at:\r\nStop #538 3rd Ave & Columbia St (NB)\r\nThe temporary stop on 6th Ave, just south of Union St (NB)\r\nThe temporary stop on 6th Ave, just south of Pine St (NB)\r\nThe temporary stop on 6th Ave, just south of Westlake Ave (NB)\r\nStop #900 Virginia St & 9th Ave (EB)\r\n\nFor Route 70 to Downtown Seattle get on/off at:\r\nStop #950 Stewart St & 7th Ave (WB)\r\nStop #760 5th Ave & Pine St (SB)\r\nStop #790 5th Ave & Seneca St (SB)\r\nStop #480 3rd Ave & Marion St (SB)",
        "url": "https://tripplanner.kingcounty.gov/#/app/nextdepartures/routeheadway/full/70/N/"
      }
    },
    {
      "type": "Feature",
      "geometry": {
        "type": "Point",
        "coordinates": [
          -122.336548,
          47.6082535
        ]
      },
      "properties": {
        "alert_id": "1_96370",
        "stop_id": "450",
        "stop_name": "3rd Ave & Union St",
        "alert_type": "Route Change",
        "status": "upcoming",
        "header": "Route 70 will be rerouted in the Downtown Seattle area from 7:30 AM to 1:00 PM on Sat Oct 10 due to the Puget Sound Heart & Stroke Walk.",
        "description": "Affected stops:\r\nStop #558 3rd Ave & Seneca St (NB)\r\nStop #575 3rd Ave & Pike St (NB)\r\nStop #880 Virginia St & 6th Ave (EB)\r\nStop #430 3rd Ave & Pine St (SB)\r\nStop #450 3rd Ave & Union St (SB)\r\n\nFor Route 70 to University District get on/off at:\r\nStop #538 3rd Ave & Columbia St (NB)\r\nThe temporary stop on 6th Ave, just south of Union St (NB)\r\nThe temporary stop on 6th Ave, just south of Pine St (NB)\r\nThe temporary stop on 6th Ave, just south of Westlake Ave (NB)\r\nStop #900 Virginia St & 9th Ave (EB)\r\n\nFor Route 70 to Downtown Seattle get on/off at:\r\nStop #950 Stewart St & 7th Ave (WB)\r\nStop #760 5th Ave & Pine St (SB)\r\nStop #790 5th Ave & Seneca St (SB)\r\nStop #480 3rd Ave & Marion St (SB)",
        "url": "https://tripplanner.kingcounty.gov/#/app/nextdepartures/routeheadway/full/70/N/"
      }
    },
    {
      "type": "Feature",
      "geometry": {
        "type": "Point",
        "coordinates": [
          -122.338966,
          47.6108971
        ]
      },
      "properties": {
        "alert_id": "1_96370",
        "stop_id": "430",
        "stop_name": "3rd Ave & Pine St",
        "alert_type": "Route Change",
        "status": "upcoming",
        "header": "Route 70 will be rerouted in the Downtown Seattle area from 7:30 AM to 1:00 PM on Sat Oct 10 due to the Puget Sound Heart & Stroke Walk.",
        "description": "Affected stops:\r\nStop #558 3rd Ave & Seneca St (NB)\r\nStop #575 3rd Ave & Pike St (NB)\r\nStop #880 Virginia St & 6th Ave (EB)\r\nStop #430 3rd Ave & Pine St (SB)\r\nStop #450 3rd Ave & Union St (SB)\r\n\nFor Route 70 to University District get on/off at:\r\nStop #538 3rd Ave & Columbia St (NB)\r\nThe temporary stop on 6th Ave, just south of Union St (NB)\r\nThe temporary stop on 6th Ave, just south of Pine St (NB)\r\nThe temporary stop on 6th Ave, just south of Westlake Ave (NB)\r\nStop #900 Virginia St & 9th Ave (EB)\r\n\nFor Route 70 to Downtown Seattle get on/off at:\r\nStop #950 Stewart St & 7th Ave (WB)\r\nStop #760 5th Ave & Pine St (SB)\r\nStop #790 5th Ave & Seneca St (SB)\r\nStop #480 3rd Ave & Marion St (SB)",
        "url": "https://tripplanner.kingcounty.gov/#/app/nextdepartures/routeheadway/full/70/N/"
      }
    },
    {
      "type": "Feature",
      "geometry": {
        "type": "Point",
        "coordinates": [
          -122.338394,
          47.6142273
        ]
      },
      "properties": {
        "alert_id": "1_96370",
        "stop_id": "880",
        "stop_name": "Virginia St & 6th Ave",
        "alert_type": "Route Change",
        "status": "upcoming",
        "header": "Route 70 will be rerouted in the Downtown Seattle area from 7:30 AM to 1:00 PM on Sat Oct 10 due to the Puget Sound Heart & Stroke Walk.",
        "description": "Affected stops:\r\nStop #558 3rd Ave & Seneca St (NB)\r\nStop #575 3rd Ave & Pike St (NB)\r\nStop #880 Virginia St & 6th Ave (EB)\r\nStop #430 3rd Ave & Pine St (SB)\r\nStop #450 3rd Ave & Union St (SB)\r\n\nFor Route 70 to University District get on/off at:\r\nStop #538 3rd Ave & Columbia St (NB)\r\nThe temporary stop on 6th Ave, just south of Union St (NB)\r\nThe temporary stop on 6th Ave, just south of Pine St (NB)\r\nThe temporary stop on 6th Ave, just south of Westlake Ave (NB)\r\nStop #900 Virginia St & 9th Ave (EB)\r\n\nFor Route 70 to Downtown Seattle get on/off at:\r\nStop #950 Stewart St & 7th Ave (WB)\r\nStop #760 5th Ave & Pine St (SB)\r\nStop #790 5th Ave & Seneca St (SB)\r\nStop #480 3rd Ave & Marion St (SB)",
        "url": "https://tripplanner.kingcounty.gov/#/app/nextdepartures/routeheadway/full/70/N/"
      }
    },
    {
      "type": "Feature",
      "geometry": {
        "type": "Point",
        "coordinates": [
          -122.335213,
          47.6070518
        ]
      },
      "properties": {
        "alert_id": "1_96370",
        "stop_id": "558",
        "stop_name": "3rd Ave & Seneca St",
        "alert_type": "Route Change",
        "status": "upcoming",
        "header": "Route 70 will be rerouted in the Downtown Seattle area from 7:30 AM to 1:00 PM on Sat Oct 10 due to the Puget Sound Heart & Stroke Walk.",
        "description": "Affected stops:\r\nStop #558 3rd Ave & Seneca St (NB)\r\nStop #575 3rd Ave & Pike St (NB)\r\nStop #880 Virginia St & 6th Ave (EB)\r\nStop #430 3rd Ave & Pine St (SB)\r\nStop #450 3rd Ave & Union St (SB)\r\n\nFor Route 70 to University District get on/off at:\r\nStop #538 3rd Ave & Columbia St (NB)\r\nThe temporary stop on 6th Ave, just south of Union St (NB)\r\nThe temporary stop on 6th Ave, just south of Pine St (NB)\r\nThe temporary stop on 6th Ave, just south of Westlake Ave (NB)\r\nStop #900 Virginia St & 9th Ave (EB)\r\n\nFor Route 70 to Downtown Seattle get on/off at:\r\nStop #950 Stewart St & 7th Ave (WB)\r\nStop #760 5th Ave & Pine St (SB)\r\nStop #790 5th Ave & Seneca St (SB)\r\nStop #480 3rd Ave & Marion St (SB)",
        "url": "https://tripplanner.kingcounty.gov/#/app/nextdepartures/routeheadway/full/70/N/"
      }
    },
    {
      "type": "Feature",
      "geometry": {
        "type": "Point",
        "coordinates": [
          -122.336456,
          47.6117668
        ]
      },
      "properties": {
        "alert_id": "1_96371",
        "stop_id": "1110",
        "stop_name": "Pine St & 5th Ave",
        "alert_type": "Route Change",
        "status": "upcoming",
        "header": "Route 49 will be rerouted in the Downtown Seattle area from 7:30 AM to 1:00 PM on Sat Oct 10 due to the Puget Sound Heart & Stroke Walk.",
        "description": "Affected stops:\r\nStop #1180 Pike St & 4th Ave (EB)\r\nStop #1110 Pine St & 5th Ave (WB)\r\nStop #1120 Pine St & 4th Ave (WB)\r\n\nFor Route 49 to University District get on/off at:\r\nStop #1190 Pike St & 6th Ave (EB)\r\n\nFor Route 49 to Downtown Seattle get on/off at:\r\nStop #1085 Pine St & 9th Ave (WB)",
        "url": "https://tripplanner.kingcounty.gov/#/app/nextdepartures/routeheadway/full/49/N/"
      }
    },
    {
      "type": "Feature",
      "geometry": {
        "type": "Point",
        "coordinates": [
          -122.338028,
          47.6111031
        ]
      },
      "properties": {
        "alert_id": "1_96371",
        "stop_id": "1120",
        "stop_name": "Pine St & 4th Ave",
        "alert_type": "Route Change",
        "status": "upcoming",
        "header": "Route 49 will be rerouted in the Downtown Seattle area from 7:30 AM to 1:00 PM on Sat Oct 10 due to the Puget Sound Heart & Stroke Walk.",
        "description": "Affected stops:\r\nStop #1180 Pike St & 4th Ave (EB)\r\nStop #1110 Pine St & 5th Ave (WB)\r\nStop #1120 Pine St & 4th Ave (WB)\r\n\nFor Route 49 to University District get on/off at:\r\nStop #1190 Pike St & 6th Ave (EB)\r\n\nFor Route 49 to Downtown Seattle get on/off at:\r\nStop #1085 Pine St & 9th Ave (WB)",
        "url": "https://tripplanner.kingcounty.gov/#/app/nextdepartures/routeheadway/full/49/N/"
      }
    },
    {
      "type": "Feature",
      "geometry": {
        "type": "Point",
        "coordinates": [
          -122.336838,
          47.6100731
        ]
      },
      "properties": {
        "alert_id": "1_96371",
        "stop_id": "1180",
        "stop_name": "Pike St & 4th Ave",
        "alert_type": "Route Change",
        "status": "upcoming",
        "header": "Route 49 will be rerouted in the Downtown Seattle area from 7:30 AM to 1:00 PM on Sat Oct 10 due to the Puget Sound Heart & Stroke Walk.",
        "description": "Affected stops:\r\nStop #1180 Pike St & 4th Ave (EB)\r\nStop #1110 Pine St & 5th Ave (WB)\r\nStop #1120 Pine St & 4th Ave (WB)\r\n\nFor Route 49 to University District get on/off at:\r\nStop #1190 Pike St & 6th Ave (EB)\r\n\nFor Route 49 to Downtown Seattle get on/off at:\r\nStop #1085 Pine St & 9th Ave (WB)",
        "url": "https://tripplanner.kingcounty.gov/#/app/nextdepartures/routeheadway/full/49/N/"
      }
    },
    {
      "type": "Feature",
      "geometry": {
        "type": "Point",
        "coordinates": [
          -122.312439,
          47.3867798
        ]
      },
      "properties": {
        "alert_id": "1_82885",
        "stop_id": "47280",
        "stop_name": "S 240th St & 16th Ave S",
        "alert_type": "Stop Closure",
        "status": "ongoing",
        "header": "Route 156 will be rerouted off portions of Kent Des Moines Rd, S 240th St and 16th Ave S from Mon Feb 9 to Thu Dec 31 due to a road closure.",
        "description": "Affected stops:\r\nStop #47275 S 240th St & 18th Pl S (WB)\r\nStop #47280 S 240th St & 16th Ave S (WB)\r\nStop #48972 16th Ave S & 17th Pl S (NB)\r\nStop #48974 Kent Des Moines Rd & 20th Ave S (EB)\r\nStop #50466 Kent Des Moines Rd & 20th Ave S (WB)\r\nStop #50468 16th Ave S & 17th Pl S (SB)\r\nStop #48920 S 240th St & 17th Ave S (EB)\r\nStop #48925 S 240th St & 18th Pl S (EB)\r\n\nFor Route 156 to Southcenter get on/off at:\r\nStop #47270 S 240th St & 21st Ave S (WB)\r\nThe temporary stop on 20th Ave S just south of Kent Des Moines Rd (NB)\r\n\nFor Route 156 to Highline CC get on/off at:\r\nThe temporary stop on 20th Ave S just south of Kent Des Moines Rd (SB)\r\nStop #48930 S 240th St & 21st Ave S (EB)\r\n",
        "url": "https://tripplanner.kingcounty.gov/#/app/nextdepartures/routeheadway/full/156/W"
      }
    },
    {
      "type": "Feature",
      "geometry": {
        "type": "Point",
        "coordinates": [
          -122.308464,
          47.3910408
        ]
      },
      "properties": {
        "alert_id": "1_82885",
        "stop_id": "50466",
        "stop_name": "Kent Des Moines Rd & 20th Ave S",
        "alert_type": "Stop Closure",
        "status": "ongoing",
        "header": "Route 156 will be rerouted off portions of Kent Des Moines Rd, S 240th St and 16th Ave S from Mon Feb 9 to Thu Dec 31 due to a road closure.",
        "description": "Affected stops:\r\nStop #47275 S 240th St & 18th Pl S (WB)\r\nStop #47280 S 240th St & 16th Ave S (WB)\r\nStop #48972 16th Ave S & 17th Pl S (NB)\r\nStop #48974 Kent Des Moines Rd & 20th Ave S (EB)\r\nStop #50466 Kent Des Moines Rd & 20th Ave S (WB)\r\nStop #50468 16th Ave S & 17th Pl S (SB)\r\nStop #48920 S 240th St & 17th Ave S (EB)\r\nStop #48925 S 240th St & 18th Pl S (EB)\r\n\nFor Route 156 to Southcenter get on/off at:\r\nStop #47270 S 240th St & 21st Ave S (WB)\r\nThe temporary stop on 20th Ave S just south of Kent Des Moines Rd (NB)\r\n\nFor Route 156 to Highline CC get on/off at:\r\nThe temporary stop on 20th Ave S just south of Kent Des Moines Rd (SB)\r\nStop #48930 S 240th St & 21st Ave S (EB)\r\n",
        "url": "https://tripplanner.kingcounty.gov/#/app/nextdepartures/routeheadway/full/156/W"
      }
    },
    {
      "type": "Feature",
      "geometry": {
        "type": "Point",
        "coordinates": [
          -122.309937,
          47.3865929
        ]
      },
      "properties": {
        "alert_id": "1_82885",
        "stop_id": "48925",
        "stop_name": "S 240th St & 18th Pl S",
        "alert_type": "Stop Closure",
        "status": "ongoing",
        "header": "Route 156 will be rerouted off portions of Kent Des Moines Rd, S 240th St and 16th Ave S from Mon Feb 9 to Thu Dec 31 due to a road closure.",
        "description": "Affected stops:\r\nStop #47275 S 240th St & 18th Pl S (WB)\r\nStop #47280 S 240th St & 16th Ave S (WB)\r\nStop #48972 16th Ave S & 17th Pl S (NB)\r\nStop #48974 Kent Des Moines Rd & 20th Ave S (EB)\r\nStop #50466 Kent Des Moines Rd & 20th Ave S (WB)\r\nStop #50468 16th Ave S & 17th Pl S (SB)\r\nStop #48920 S 240th St & 17th Ave S (EB)\r\nStop #48925 S 240th St & 18th Pl S (EB)\r\n\nFor Route 156 to Southcenter get on/off at:\r\nStop #47270 S 240th St & 21st Ave S (WB)\r\nThe temporary stop on 20th Ave S just south of Kent Des Moines Rd (NB)\r\n\nFor Route 156 to Highline CC get on/off at:\r\nThe temporary stop on 20th Ave S just south of Kent Des Moines Rd (SB)\r\nStop #48930 S 240th St & 21st Ave S (EB)\r\n",
        "url": "https://tripplanner.kingcounty.gov/#/app/nextdepartures/routeheadway/full/156/W"
      }
    },
    {
      "type": "Feature",
      "geometry": {
        "type": "Point",
        "coordinates": [
          -122.311691,
          47.390789
        ]
      },
      "properties": {
        "alert_id": "1_82885",
        "stop_id": "48972",
        "stop_name": "16th Ave S & 17th Pl S",
        "alert_type": "Stop Closure",
        "status": "ongoing",
        "header": "Route 156 will be rerouted off portions of Kent Des Moines Rd, S 240th St and 16th Ave S from Mon Feb 9 to Thu Dec 31 due to a road closure.",
        "description": "Affected stops:\r\nStop #47275 S 240th St & 18th Pl S (WB)\r\nStop #47280 S 240th St & 16th Ave S (WB)\r\nStop #48972 16th Ave S & 17th Pl S (NB)\r\nStop #48974 Kent Des Moines Rd & 20th Ave S (EB)\r\nStop #50466 Kent Des Moines Rd & 20th Ave S (WB)\r\nStop #50468 16th Ave S & 17th Pl S (SB)\r\nStop #48920 S 240th St & 17th Ave S (EB)\r\nStop #48925 S 240th St & 18th Pl S (EB)\r\n\nFor Route 156 to Southcenter get on/off at:\r\nStop #47270 S 240th St & 21st Ave S (WB)\r\nThe temporary stop on 20th Ave S just south of Kent Des Moines Rd (NB)\r\n\nFor Route 156 to Highline CC get on/off at:\r\nThe temporary stop on 20th Ave S just south of Kent Des Moines Rd (SB)\r\nStop #48930 S 240th St & 21st Ave S (EB)\r\n",
        "url": "https://tripplanner.kingcounty.gov/#/app/nextdepartures/routeheadway/full/156/W"
      }
    },
    {
      "type": "Feature",
      "geometry": {
        "type": "Point",
        "coordinates": [
          -122.310036,
          47.3867302
        ]
      },
      "properties": {
        "alert_id": "1_82885",
        "stop_id": "47275",
        "stop_name": "S 240th St & 18th Pl S",
        "alert_type": "Stop Closure",
        "status": "ongoing",
        "header": "Route 156 will be rerouted off portions of Kent Des Moines Rd, S 240th St and 16th Ave S from Mon Feb 9 to Thu Dec 31 due to a road closure.",
        "description": "Affected stops:\r\nStop #47275 S 240th St & 18th Pl S (WB)\r\nStop #47280 S 240th St & 16th Ave S (WB)\r\nStop #48972 16th Ave S & 17th Pl S (NB)\r\nStop #48974 Kent Des Moines Rd & 20th Ave S (EB)\r\nStop #50466 Kent Des Moines Rd & 20th Ave S (WB)\r\nStop #50468 16th Ave S & 17th Pl S (SB)\r\nStop #48920 S 240th St & 17th Ave S (EB)\r\nStop #48925 S 240th St & 18th Pl S (EB)\r\n\nFor Route 156 to Southcenter get on/off at:\r\nStop #47270 S 240th St & 21st Ave S (WB)\r\nThe temporary stop on 20th Ave S just south of Kent Des Moines Rd (NB)\r\n\nFor Route 156 to Highline CC get on/off at:\r\nThe temporary stop on 20th Ave S just south of Kent Des Moines Rd (SB)\r\nStop #48930 S 240th St & 21st Ave S (EB)\r\n",
        "url": "https://tripplanner.kingcounty.gov/#/app/nextdepartures/routeheadway/full/156/W"
      }
    },
    {
      "type": "Feature",
      "geometry": {
        "type": "Point",
        "coordinates": [
          -122.308136,
          47.3909111
        ]
      },
      "properties": {
        "alert_id": "1_82885",
        "stop_id": "48974",
        "stop_name": "Kent Des Moines Rd & 20th Ave S",
        "alert_type": "Stop Closure",
        "status": "ongoing",
        "header": "Route 156 will be rerouted off portions of Kent Des Moines Rd, S 240th St and 16th Ave S from Mon Feb 9 to Thu Dec 31 due to a road closure.",
        "description": "Affected stops:\r\nStop #47275 S 240th St & 18th Pl S (WB)\r\nStop #47280 S 240th St & 16th Ave S (WB)\r\nStop #48972 16th Ave S & 17th Pl S (NB)\r\nStop #48974 Kent Des Moines Rd & 20th Ave S (EB)\r\nStop #50466 Kent Des Moines Rd & 20th Ave S (WB)\r\nStop #50468 16th Ave S & 17th Pl S (SB)\r\nStop #48920 S 240th St & 17th Ave S (EB)\r\nStop #48925 S 240th St & 18th Pl S (EB)\r\n\nFor Route 156 to Southcenter get on/off at:\r\nStop #47270 S 240th St & 21st Ave S (WB)\r\nThe temporary stop on 20th Ave S just south of Kent Des Moines Rd (NB)\r\n\nFor Route 156 to Highline CC get on/off at:\r\nThe temporary stop on 20th Ave S just south of Kent Des Moines Rd (SB)\r\nStop #48930 S 240th St & 21st Ave S (EB)\r\n",
        "url": "https://tripplanner.kingcounty.gov/#/app/nextdepartures/routeheadway/full/156/W"
      }
    },
    {
      "type": "Feature",
      "geometry": {
        "type": "Point",
        "coordinates": [
          -122.31189,
          47.3907471
        ]
      },
      "properties": {
        "alert_id": "1_82885",
        "stop_id": "50468",
        "stop_name": "16th Ave S & 17th Pl S",
        "alert_type": "Stop Closure",
        "status": "ongoing",
        "header": "Route 156 will be rerouted off portions of Kent Des Moines Rd, S 240th St and 16th Ave S from Mon Feb 9 to Thu Dec 31 due to a road closure.",
        "description": "Affected stops:\r\nStop #47275 S 240th St & 18th Pl S (WB)\r\nStop #47280 S 240th St & 16th Ave S (WB)\r\nStop #48972 16th Ave S & 17th Pl S (NB)\r\nStop #48974 Kent Des Moines Rd & 20th Ave S (EB)\r\nStop #50466 Kent Des Moines Rd & 20th Ave S (WB)\r\nStop #50468 16th Ave S & 17th Pl S (SB)\r\nStop #48920 S 240th St & 17th Ave S (EB)\r\nStop #48925 S 240th St & 18th Pl S (EB)\r\n\nFor Route 156 to Southcenter get on/off at:\r\nStop #47270 S 240th St & 21st Ave S (WB)\r\nThe temporary stop on 20th Ave S just south of Kent Des Moines Rd (NB)\r\n\nFor Route 156 to Highline CC get on/off at:\r\nThe temporary stop on 20th Ave S just south of Kent Des Moines Rd (SB)\r\nStop #48930 S 240th St & 21st Ave S (EB)\r\n",
        "url": "https://tripplanner.kingcounty.gov/#/app/nextdepartures/routeheadway/full/156/W"
      }
    },
    {
      "type": "Feature",
      "geometry": {
        "type": "Point",
        "coordinates": [
          -122.311783,
          47.3866272
        ]
      },
      "properties": {
        "alert_id": "1_82885",
        "stop_id": "48920",
        "stop_name": "S 240th St & 17th Ave S",
        "alert_type": "Stop Closure",
        "status": "ongoing",
        "header": "Route 156 will be rerouted off portions of Kent Des Moines Rd, S 240th St and 16th Ave S from Mon Feb 9 to Thu Dec 31 due to a road closure.",
        "description": "Affected stops:\r\nStop #47275 S 240th St & 18th Pl S (WB)\r\nStop #47280 S 240th St & 16th Ave S (WB)\r\nStop #48972 16th Ave S & 17th Pl S (NB)\r\nStop #48974 Kent Des Moines Rd & 20th Ave S (EB)\r\nStop #50466 Kent Des Moines Rd & 20th Ave S (WB)\r\nStop #50468 16th Ave S & 17th Pl S (SB)\r\nStop #48920 S 240th St & 17th Ave S (EB)\r\nStop #48925 S 240th St & 18th Pl S (EB)\r\n\nFor Route 156 to Southcenter get on/off at:\r\nStop #47270 S 240th St & 21st Ave S (WB)\r\nThe temporary stop on 20th Ave S just south of Kent Des Moines Rd (NB)\r\n\nFor Route 156 to Highline CC get on/off at:\r\nThe temporary stop on 20th Ave S just south of Kent Des Moines Rd (SB)\r\nStop #48930 S 240th St & 21st Ave S (EB)\r\n",
        "url": "https://tripplanner.kingcounty.gov/#/app/nextdepartures/routeheadway/full/156/W"
      }
    },
    {
      "type": "Feature",
      "geometry": {
        "type": "Point",
        "coordinates": [
          -122.188362,
          47.6791801
        ]
      },
      "properties": {
        "alert_id": "1_87933",
        "stop_id": "70666",
        "stop_name": "NE 85th St & Kirkland Way",
        "alert_type": "Stop Closure",
        "status": "ongoing",
        "header": "Stop #70666 NE 85th St & Kirkland Way (EB) closed through Tue Aug 31, 2027 due to construction.",
        "description": "Affected routes:\r\n239\r\n250\r\n\nGet on/off at:\r\nThe temporary stop on NE 85th St, just east of Kirkland Way (EB)",
        "url": "https://tripplanner.kingcounty.gov/#/app/nextdepartures/stoproutes/7423"
      }
    },
    {
      "type": "Feature",
      "geometry": {
        "type": "Point",
        "coordinates": [
          -122.188362,
          47.6791801
        ]
      },
      "properties": {
        "alert_id": "1_87933",
        "stop_id": "70666",
        "stop_name": "NE 85th St & Kirkland Way",
        "alert_type": "Stop Closure",
        "status": "ongoing",
        "header": "Stop #70666 NE 85th St & Kirkland Way (EB) closed through Tue Aug 31, 2027 due to construction.",
        "description": "Affected routes:\r\n239\r\n250\r\n\nGet on/off at:\r\nThe temporary stop on NE 85th St, just east of Kirkland Way (EB)",
        "url": "https://tripplanner.kingcounty.gov/#/app/nextdepartures/stoproutes/7423"
      }
    },
    {
      "type": "Feature",
      "geometry": {
        "type": "Point",
        "coordinates": [
          -122.323204,
          47.6489449
        ]
      },
      "properties": {
        "alert_id": "1_90782",
        "stop_id": "9550",
        "stop_name": "Eastlake Ave E & E Allison St",
        "alert_type": "Route Change",
        "status": "ongoing",
        "header": "Route 70 to University District is rerouted off Eastlake Ave E between E Allison St & Fuhrman Ave E from Mon Jul 6 through Wed Jun 30, 2027, due to construction.",
        "description": "Affected stops:\r\nStop #9550 Eastlake Ave E & E Allison St (NB)\r\n\nGet on/off at:\r\nThe temporary stop on Eastlake Ave E, just south of E Allison St (NB)\r\nStop #10915 Harvard Ave E & Eastlake Ave E (NB)\r\n\nTo learn more about the construction impacts that are part of the upgrade of Route 70 into the RapidRide J Line please visit SDOT\u2019s website link:\r\n\nhttps://www.seattle.gov/transportation/projects-and-programs/programs/transit-program/transit-plus-multimodal-corridor-program/rapidride-roosevelt",
        "url": "https://tripplanner.kingcounty.gov/#/app/nextdepartures/stoproutes/5378"
      }
    },
    {
      "type": "Feature",
      "geometry": {
        "type": "Point",
        "coordinates": [
          -122.216133,
          47.3789673
        ]
      },
      "properties": {
        "alert_id": "1_93259",
        "stop_id": "62228",
        "stop_name": "Canyon Dr SE & 94th Ave S",
        "alert_type": "Stop Relocation",
        "status": "ongoing",
        "header": "Stop #62228 Canyon Dr SE & 94th Ave S (EB) relocated from Mon Aug 17 through Fri Oct 9 due to construction.",
        "description": "Affected routes:\r\n160\r\n168\r\nDART 914\r\n\nGet on/off at:\r\nThe temporary stop on SR 516 (Canyon Drive), just east of 94th Ave S (EB)\r\nStop #62230 Canyon Dr SE & S 252nd St (EB)",
        "url": "https://tripplanner.kingcounty.gov/#/app/nextdepartures/stoproutes/12627"
      }
    },
    {
      "type": "Feature",
      "geometry": {
        "type": "Point",
        "coordinates": [
          -122.216133,
          47.3789673
        ]
      },
      "properties": {
        "alert_id": "1_93259",
        "stop_id": "62228",
        "stop_name": "Canyon Dr SE & 94th Ave S",
        "alert_type": "Stop Relocation",
        "status": "ongoing",
        "header": "Stop #62228 Canyon Dr SE & 94th Ave S (EB) relocated from Mon Aug 17 through Fri Oct 9 due to construction.",
        "description": "Affected routes:\r\n160\r\n168\r\nDART 914\r\n\nGet on/off at:\r\nThe temporary stop on SR 516 (Canyon Drive), just east of 94th Ave S (EB)\r\nStop #62230 Canyon Dr SE & S 252nd St (EB)",
        "url": "https://tripplanner.kingcounty.gov/#/app/nextdepartures/stoproutes/12627"
      }
    },
    {
      "type": "Feature",
      "geometry": {
        "type": "Point",
        "coordinates": [
          -122.216133,
          47.3789673
        ]
      },
      "properties": {
        "alert_id": "1_93259",
        "stop_id": "62228",
        "stop_name": "Canyon Dr SE & 94th Ave S",
        "alert_type": "Stop Relocation",
        "status": "ongoing",
        "header": "Stop #62228 Canyon Dr SE & 94th Ave S (EB) relocated from Mon Aug 17 through Fri Oct 9 due to construction.",
        "description": "Affected routes:\r\n160\r\n168\r\nDART 914\r\n\nGet on/off at:\r\nThe temporary stop on SR 516 (Canyon Drive), just east of 94th Ave S (EB)\r\nStop #62230 Canyon Dr SE & S 252nd St (EB)",
        "url": "https://tripplanner.kingcounty.gov/#/app/nextdepartures/stoproutes/12627"
      }
    },
    {
      "type": "Feature",
      "geometry": {
        "type": "Point",
        "coordinates": [
          -122.212471,
          47.4421959
        ]
      },
      "properties": {
        "alert_id": "1_94863",
        "stop_id": "59949",
        "stop_name": "Talbot Rd S & S Carr Rd",
        "alert_type": "Stop Closure",
        "status": "ongoing",
        "header": "Stop #59949 Talbot Rd S & S Carr Rd (SB) and Stop #60361 Talbot Rd S & S Carr Rd (NB) closed from Tue Sep 15 through Fri Dec 18 due to construction.",
        "description": "Affected routes:\r\n160\r\n\nFor Route 160 to Auburn Station get on/off at:\r\nStop #59948 Talbot Rd S & S 177th St (SB)\r\nStop #59370 S Carr Rd & Talbot Rd S (EB)\r\n\nFor Route 160 to Renton get on/off at:\r\nStop #60350 SE Carr Rd & 98th Ave S (WB)\r\nThe temporary stop on Talbot Rd S just north of the closed stop (NB)",
        "url": "https://tripplanner.kingcounty.gov/#/app/nextdepartures/routeheadway/full/160/N/"
      }
    },
    {
      "type": "Feature",
      "geometry": {
        "type": "Point",
        "coordinates": [
          -122.212349,
          47.4420204
        ]
      },
      "properties": {
        "alert_id": "1_94863",
        "stop_id": "60361",
        "stop_name": "Talbot Rd S & S Carr Rd",
        "alert_type": "Stop Closure",
        "status": "ongoing",
        "header": "Stop #59949 Talbot Rd S & S Carr Rd (SB) and Stop #60361 Talbot Rd S & S Carr Rd (NB) closed from Tue Sep 15 through Fri Dec 18 due to construction.",
        "description": "Affected routes:\r\n160\r\n\nFor Route 160 to Auburn Station get on/off at:\r\nStop #59948 Talbot Rd S & S 177th St (SB)\r\nStop #59370 S Carr Rd & Talbot Rd S (EB)\r\n\nFor Route 160 to Renton get on/off at:\r\nStop #60350 SE Carr Rd & 98th Ave S (WB)\r\nThe temporary stop on Talbot Rd S just north of the closed stop (NB)",
        "url": "https://tripplanner.kingcounty.gov/#/app/nextdepartures/routeheadway/full/160/N/"
      }
    },
    {
      "type": "Feature",
      "geometry": {
        "type": "Point",
        "coordinates": [
          -122.32592,
          47.6365471
        ]
      },
      "properties": {
        "alert_id": "1_95952",
        "stop_id": "9220",
        "stop_name": "Eastlake Ave E & E Newton St",
        "alert_type": "Stop Relocation",
        "status": "ongoing",
        "header": "Stop #9220 Eastlake Ave E & E Newton St (SB) relocated from Thu Oct 1 at 4:00 AM to Fri Oct 16 at 4:00 AM due to construction.",
        "description": "Affected routes:\r\n70\r\n\nGet on/off at:\r\nThe temporary stop on Eastlake Ave E, just south of the closed stop (SB)\r\n\nTo learn more about the construction impacts that are part of the upgrade of Route 70 into the RapidRide J Line please visit SDOT\u2019s website link:\r\n\nhttps://www.seattle.gov/transportation/projects-and-programs/programs/transit-program/transit-plus-multimodal-corridor-program/rapidride-roosevelt",
        "url": "https://www.seattle.gov/transportation/projects-and-programs/programs/transit-program/transit-plus-multimodal-corridor-program/rapidride-j-line"
      }
    },
    {
      "type": "Feature",
      "geometry": {
        "type": "Point",
        "coordinates": [
          -122.254288,
          47.3868027
        ]
      },
      "properties": {
        "alert_id": "1_96245",
        "stop_id": "50714",
        "stop_name": "W James St & 64th Ave S",
        "alert_type": "Stop Closure",
        "status": "ongoing",
        "header": "Stop #50714 W James St & 64th Ave S (WB) closed from Mon Oct 5 to Mon Oct 12 7:00 AM to 4:00 PM daily due to construction.",
        "description": "Affected routes:\r\n164\r\n\nGet on/off at:\r\nStop #50772 64th Ave S & W Meeker St (NB)\r\nThe temporary stop on S 240th St, just west of the closed stop (WB)",
        "url": "https://tripplanner.kingcounty.gov/#/app/nextdepartures/stoproutes/68686"
      }
    },
    {
      "type": "Feature",
      "geometry": {
        "type": "Point",
        "coordinates": [
          -122.253807,
          47.3863258
        ]
      },
      "properties": {
        "alert_id": "1_96246",
        "stop_id": "50717",
        "stop_name": "64th Ave S & W James St",
        "alert_type": "Route Change",
        "status": "ongoing",
        "header": "Stop #50717 64th Ave S & W James St (SB) close from Mon Oct 5 to Mon Oct 12 from 7:00 AM to 4:00 PM daily due to construction.",
        "description": "Affected routes:\r\n164\r\n183\r\n\nGet on/off at:\r\nThe temporary stop on 64th Ave S, just south of the closed stop (SB)",
        "url": "https://tripplanner.kingcounty.gov/#/app/nextdepartures/stoproutes/8222"
      }
    },
    {
      "type": "Feature",
      "geometry": {
        "type": "Point",
        "coordinates": [
          -122.253807,
          47.3863258
        ]
      },
      "properties": {
        "alert_id": "1_96246",
        "stop_id": "50717",
        "stop_name": "64th Ave S & W James St",
        "alert_type": "Route Change",
        "status": "ongoing",
        "header": "Stop #50717 64th Ave S & W James St (SB) close from Mon Oct 5 to Mon Oct 12 from 7:00 AM to 4:00 PM daily due to construction.",
        "description": "Affected routes:\r\n164\r\n183\r\n\nGet on/off at:\r\nThe temporary stop on 64th Ave S, just south of the closed stop (SB)",
        "url": "https://tripplanner.kingcounty.gov/#/app/nextdepartures/stoproutes/8222"
      }
    },
    {
      "type": "Feature",
      "geometry": {
        "type": "Point",
        "coordinates": [
          -122.33725,
          47.6109505
        ]
      },
      "properties": {
        "alert_id": "1_96367",
        "stop_id": "700",
        "stop_name": "4th Ave & Pike St",
        "alert_type": "Route Change",
        "status": "upcoming",
        "header": "ST 545 to Redmond will be rerouted in the Downtown Seattle area from 7:30 AM to 1:00 PM on Sat Oct 10 due to the Puget Sound Heart & Stroke Walk.",
        "description": "Affected stops:\r\nStop #620 4th Ave S & S Jackson St (NB)\r\nStop #640 4th Ave & James St (NB)\r\nStop #660 4th Ave & Madison St (NB)\r\nStop #691 4th Ave & Union St (NB)\r\nStop #700 4th Ave & Pike St (NB)\r\n\nGet on/off at:\r\nStop #21765 6th Ave S & S Royal Brougham Way (NB)\r\nThe temporary stop on 5th Ave S, just south of S Main St (NB)\r\nThe temporary stop on 5th Ave, just south of James St (NB)\r\nThe temporary stop on 5th Ave, just south of Marion St (NB)\r\nThe temporary stop on 6th Ave, just north of Seneca St (NB)\r\nThe temporary stop on 6th Ave, just south of Pine St (NB)\r\nStop #1050 Olive Way & 8th Ave (EB)",
        "url": "https://tripplanner.kingcounty.gov/#/app/nextdepartures/routeheadway/full/545/E/"
      }
    },
    {
      "type": "Feature",
      "geometry": {
        "type": "Point",
        "coordinates": [
          -122.335609,
          47.6091614
        ]
      },
      "properties": {
        "alert_id": "1_96367",
        "stop_id": "691",
        "stop_name": "4th Ave & Union St",
        "alert_type": "Route Change",
        "status": "upcoming",
        "header": "ST 545 to Redmond will be rerouted in the Downtown Seattle area from 7:30 AM to 1:00 PM on Sat Oct 10 due to the Puget Sound Heart & Stroke Walk.",
        "description": "Affected stops:\r\nStop #620 4th Ave S & S Jackson St (NB)\r\nStop #640 4th Ave & James St (NB)\r\nStop #660 4th Ave & Madison St (NB)\r\nStop #691 4th Ave & Union St (NB)\r\nStop #700 4th Ave & Pike St (NB)\r\n\nGet on/off at:\r\nStop #21765 6th Ave S & S Royal Brougham Way (NB)\r\nThe temporary stop on 5th Ave S, just south of S Main St (NB)\r\nThe temporary stop on 5th Ave, just south of James St (NB)\r\nThe temporary stop on 5th Ave, just south of Marion St (NB)\r\nThe temporary stop on 6th Ave, just north of Seneca St (NB)\r\nThe temporary stop on 6th Ave, just south of Pine St (NB)\r\nStop #1050 Olive Way & 8th Ave (EB)",
        "url": "https://tripplanner.kingcounty.gov/#/app/nextdepartures/routeheadway/full/545/E/"
      }
    },
    {
      "type": "Feature",
      "geometry": {
        "type": "Point",
        "coordinates": [
          -122.33271,
          47.6060066
        ]
      },
      "properties": {
        "alert_id": "1_96367",
        "stop_id": "660",
        "stop_name": "4th Ave & Madison St",
        "alert_type": "Route Change",
        "status": "upcoming",
        "header": "ST 545 to Redmond will be rerouted in the Downtown Seattle area from 7:30 AM to 1:00 PM on Sat Oct 10 due to the Puget Sound Heart & Stroke Walk.",
        "description": "Affected stops:\r\nStop #620 4th Ave S & S Jackson St (NB)\r\nStop #640 4th Ave & James St (NB)\r\nStop #660 4th Ave & Madison St (NB)\r\nStop #691 4th Ave & Union St (NB)\r\nStop #700 4th Ave & Pike St (NB)\r\n\nGet on/off at:\r\nStop #21765 6th Ave S & S Royal Brougham Way (NB)\r\nThe temporary stop on 5th Ave S, just south of S Main St (NB)\r\nThe temporary stop on 5th Ave, just south of James St (NB)\r\nThe temporary stop on 5th Ave, just south of Marion St (NB)\r\nThe temporary stop on 6th Ave, just north of Seneca St (NB)\r\nThe temporary stop on 6th Ave, just south of Pine St (NB)\r\nStop #1050 Olive Way & 8th Ave (EB)",
        "url": "https://tripplanner.kingcounty.gov/#/app/nextdepartures/routeheadway/full/545/E/"
      }
    },
    {
      "type": "Feature",
      "geometry": {
        "type": "Point",
        "coordinates": [
          -122.328903,
          47.5988121
        ]
      },
      "properties": {
        "alert_id": "1_96367",
        "stop_id": "620",
        "stop_name": "4th Ave S & S Jackson St",
        "alert_type": "Route Change",
        "status": "upcoming",
        "header": "ST 545 to Redmond will be rerouted in the Downtown Seattle area from 7:30 AM to 1:00 PM on Sat Oct 10 due to the Puget Sound Heart & Stroke Walk.",
        "description": "Affected stops:\r\nStop #620 4th Ave S & S Jackson St (NB)\r\nStop #640 4th Ave & James St (NB)\r\nStop #660 4th Ave & Madison St (NB)\r\nStop #691 4th Ave & Union St (NB)\r\nStop #700 4th Ave & Pike St (NB)\r\n\nGet on/off at:\r\nStop #21765 6th Ave S & S Royal Brougham Way (NB)\r\nThe temporary stop on 5th Ave S, just south of S Main St (NB)\r\nThe temporary stop on 5th Ave, just south of James St (NB)\r\nThe temporary stop on 5th Ave, just south of Marion St (NB)\r\nThe temporary stop on 6th Ave, just north of Seneca St (NB)\r\nThe temporary stop on 6th Ave, just south of Pine St (NB)\r\nStop #1050 Olive Way & 8th Ave (EB)",
        "url": "https://tripplanner.kingcounty.gov/#/app/nextdepartures/routeheadway/full/545/E/"
      }
    },
    {
      "type": "Feature",
      "geometry": {
        "type": "Point",
        "coordinates": [
          -122.329979,
          47.6030121
        ]
      },
      "properties": {
        "alert_id": "1_96367",
        "stop_id": "640",
        "stop_name": "4th Ave & James St",
        "alert_type": "Route Change",
        "status": "upcoming",
        "header": "ST 545 to Redmond will be rerouted in the Downtown Seattle area from 7:30 AM to 1:00 PM on Sat Oct 10 due to the Puget Sound Heart & Stroke Walk.",
        "description": "Affected stops:\r\nStop #620 4th Ave S & S Jackson St (NB)\r\nStop #640 4th Ave & James St (NB)\r\nStop #660 4th Ave & Madison St (NB)\r\nStop #691 4th Ave & Union St (NB)\r\nStop #700 4th Ave & Pike St (NB)\r\n\nGet on/off at:\r\nStop #21765 6th Ave S & S Royal Brougham Way (NB)\r\nThe temporary stop on 5th Ave S, just south of S Main St (NB)\r\nThe temporary stop on 5th Ave, just south of James St (NB)\r\nThe temporary stop on 5th Ave, just south of Marion St (NB)\r\nThe temporary stop on 6th Ave, just north of Seneca St (NB)\r\nThe temporary stop on 6th Ave, just south of Pine St (NB)\r\nStop #1050 Olive Way & 8th Ave (EB)",
        "url": "https://tripplanner.kingcounty.gov/#/app/nextdepartures/routeheadway/full/545/E/"
      }
    },
    {
      "type": "Feature",
      "geometry": {
        "type": "Point",
        "coordinates": [
          -122.140274,
          47.6314507
        ]
      },
      "properties": {
        "alert_id": "1_90381",
        "stop_id": "71371",
        "stop_name": "NE 24th St & 151st Pl NE",
        "alert_type": "Stop Closure",
        "status": "ongoing",
        "header": "Stop #71371 NE 24th St & 151st Pl NE (EB) closed until further notice due to construction.",
        "description": "Affected routes:\r\n223\r\n\nGet on/off at:\r\nStop #74482 148th Ave NE & NE 20th St (NB)\r\nStop #71326 152nd Ave NE & Overlake P&R (NB)",
        "url": "https://tripplanner.kingcounty.gov/#/app/nextdepartures/routeheadway/full/223/N"
      }
    },
    {
      "type": "Feature",
      "geometry": {
        "type": "Point",
        "coordinates": [
          -122.253616,
          47.3871384
        ]
      },
      "properties": {
        "alert_id": "1_96247",
        "stop_id": "50774",
        "stop_name": "64th Ave S & W James St",
        "alert_type": "Stop Closure",
        "status": "ongoing",
        "header": "Stop #50774 64th Ave S & W James St (NB) closed from Mon Oct 5 to Mon Oct 12 7:00 AM to 4:00 PM daily due to construction.",
        "description": "Affected routes:\r\n150\r\n\nGet on/off at:\r\nStop #59773 W James St & Lincoln Ave N (WB)\r\nThe temporary bus stop on 64th Ave S, just north of the closed stop (NB)",
        "url": "https://tripplanner.kingcounty.gov/#/app/nextdepartures/stoproutes/13027"
      }
    },
    {
      "type": "Feature",
      "geometry": {
        "type": "Point",
        "coordinates": [
          -122.340004,
          47.6129723
        ]
      },
      "properties": {
        "alert_id": "1_96368",
        "stop_id": "98105",
        "stop_name": "Virginia St & 4th Ave",
        "alert_type": "Route Change",
        "status": "upcoming",
        "header": "Route 7 will be rerouted in the Downtown Seattle area from 7:30 AM to 1:00 PM on Sat Oct 10 due to the Puget Sound Heart & Stroke Walk.",
        "description": "Affected stops:\r\nStop #98105 Virginia St & 4th Ave (EB)\r\nStop #880 Virginia St & 6th Ave (EB)\r\n\nFor Route 7 to Downtown Seattle get on/off at:\r\nStop #575 3rd Ave & Pike St (NB)\r\n\nFor Route 7 to Rainier Beach get on/off at:\r\nStop #430 3rd Ave & Pine St (SB)",
        "url": "https://tripplanner.kingcounty.gov/#/app/nextdepartures/routeheadway/full/7/S/"
      }
    },
    {
      "type": "Feature",
      "geometry": {
        "type": "Point",
        "coordinates": [
          -122.338394,
          47.6142273
        ]
      },
      "properties": {
        "alert_id": "1_96368",
        "stop_id": "880",
        "stop_name": "Virginia St & 6th Ave",
        "alert_type": "Route Change",
        "status": "upcoming",
        "header": "Route 7 will be rerouted in the Downtown Seattle area from 7:30 AM to 1:00 PM on Sat Oct 10 due to the Puget Sound Heart & Stroke Walk.",
        "description": "Affected stops:\r\nStop #98105 Virginia St & 4th Ave (EB)\r\nStop #880 Virginia St & 6th Ave (EB)\r\n\nFor Route 7 to Downtown Seattle get on/off at:\r\nStop #575 3rd Ave & Pike St (NB)\r\n\nFor Route 7 to Rainier Beach get on/off at:\r\nStop #430 3rd Ave & Pine St (SB)",
        "url": "https://tripplanner.kingcounty.gov/#/app/nextdepartures/routeheadway/full/7/S/"
      }
    },
    {
      "type": "Feature",
      "geometry": {
        "type": "Point",
        "coordinates": [
          -122.347672,
          47.6236115
        ]
      },
      "properties": {
        "alert_id": "1_96369",
        "stop_id": "4050",
        "stop_name": "5th Ave N & Republican St",
        "alert_type": "Route Change",
        "status": "upcoming",
        "header": "Route 4 will be rerouted in the Seattle Center area from 7:30 AM to 1:00 PM on Sat Oct 10 due to the Puget Sound Heart & Stroke Walk.",
        "description": "Affected stops:\r\nStop #4200 Cedar St & Denny Way (NB)\r\nStop #4220 5th Ave N & Broad St (NB)\r\nStop #4230 5th Ave N & Republican St (NB)\r\nStop #4050 5th Ave N & Republican St (SB)\r\nStop #4070 5th Ave N & Broad St (SB)\r\nStop #4080 5th Ave N & Denny Way (SB)\r\n\nGet on/off at:\r\nFor Route 4 to Seattle Pacific University:\r\nStop #1690 3rd Ave & Vine St (NB)\r\nStop #2330 1st Ave N & Denny Way (NB)\r\nStop #2360 1st Ave N & Republican St (NB)\r\nStop #2690 1st Ave N & Mercer St (NB)\r\nStop #4245 Valley St & Taylor Ave N (EB)\r\n\nFor Route 4 to Judkins Park:\r\nStop #4040 5th Ave N & Valley St (SB)\r\nStop #2672 Queen Anne Ave N & W Mercer St (SB)\r\nStop #2220 3rd Ave & Cedar St (SB)",
        "url": "https://tripplanner.kingcounty.gov/#/app/nextdepartures/routeheadway/full/4/N/"
      }
    },
    {
      "type": "Feature",
      "geometry": {
        "type": "Point",
        "coordinates": [
          -122.347519,
          47.6185303
        ]
      },
      "properties": {
        "alert_id": "1_96369",
        "stop_id": "4200",
        "stop_name": "Cedar St & Denny Way",
        "alert_type": "Route Change",
        "status": "upcoming",
        "header": "Route 4 will be rerouted in the Seattle Center area from 7:30 AM to 1:00 PM on Sat Oct 10 due to the Puget Sound Heart & Stroke Walk.",
        "description": "Affected stops:\r\nStop #4200 Cedar St & Denny Way (NB)\r\nStop #4220 5th Ave N & Broad St (NB)\r\nStop #4230 5th Ave N & Republican St (NB)\r\nStop #4050 5th Ave N & Republican St (SB)\r\nStop #4070 5th Ave N & Broad St (SB)\r\nStop #4080 5th Ave N & Denny Way (SB)\r\n\nGet on/off at:\r\nFor Route 4 to Seattle Pacific University:\r\nStop #1690 3rd Ave & Vine St (NB)\r\nStop #2330 1st Ave N & Denny Way (NB)\r\nStop #2360 1st Ave N & Republican St (NB)\r\nStop #2690 1st Ave N & Mercer St (NB)\r\nStop #4245 Valley St & Taylor Ave N (EB)\r\n\nFor Route 4 to Judkins Park:\r\nStop #4040 5th Ave N & Valley St (SB)\r\nStop #2672 Queen Anne Ave N & W Mercer St (SB)\r\nStop #2220 3rd Ave & Cedar St (SB)",
        "url": "https://tripplanner.kingcounty.gov/#/app/nextdepartures/routeheadway/full/4/N/"
      }
    },
    {
      "type": "Feature",
      "geometry": {
        "type": "Point",
        "coordinates": [
          -122.347504,
          47.6213036
        ]
      },
      "properties": {
        "alert_id": "1_96369",
        "stop_id": "4220",
        "stop_name": "5th Ave N & Broad St",
        "alert_type": "Route Change",
        "status": "upcoming",
        "header": "Route 4 will be rerouted in the Seattle Center area from 7:30 AM to 1:00 PM on Sat Oct 10 due to the Puget Sound Heart & Stroke Walk.",
        "description": "Affected stops:\r\nStop #4200 Cedar St & Denny Way (NB)\r\nStop #4220 5th Ave N & Broad St (NB)\r\nStop #4230 5th Ave N & Republican St (NB)\r\nStop #4050 5th Ave N & Republican St (SB)\r\nStop #4070 5th Ave N & Broad St (SB)\r\nStop #4080 5th Ave N & Denny Way (SB)\r\n\nGet on/off at:\r\nFor Route 4 to Seattle Pacific University:\r\nStop #1690 3rd Ave & Vine St (NB)\r\nStop #2330 1st Ave N & Denny Way (NB)\r\nStop #2360 1st Ave N & Republican St (NB)\r\nStop #2690 1st Ave N & Mercer St (NB)\r\nStop #4245 Valley St & Taylor Ave N (EB)\r\n\nFor Route 4 to Judkins Park:\r\nStop #4040 5th Ave N & Valley St (SB)\r\nStop #2672 Queen Anne Ave N & W Mercer St (SB)\r\nStop #2220 3rd Ave & Cedar St (SB)",
        "url": "https://tripplanner.kingcounty.gov/#/app/nextdepartures/routeheadway/full/4/N/"
      }
    },
    {
      "type": "Feature",
      "geometry": {
        "type": "Point",
        "coordinates": [
          -122.347725,
          47.6192131
        ]
      },
      "properties": {
        "alert_id": "1_96369",
        "stop_id": "4080",
        "stop_name": "5th Ave N & Denny Way",
        "alert_type": "Route Change",
        "status": "upcoming",
        "header": "Route 4 will be rerouted in the Seattle Center area from 7:30 AM to 1:00 PM on Sat Oct 10 due to the Puget Sound Heart & Stroke Walk.",
        "description": "Affected stops:\r\nStop #4200 Cedar St & Denny Way (NB)\r\nStop #4220 5th Ave N & Broad St (NB)\r\nStop #4230 5th Ave N & Republican St (NB)\r\nStop #4050 5th Ave N & Republican St (SB)\r\nStop #4070 5th Ave N & Broad St (SB)\r\nStop #4080 5th Ave N & Denny Way (SB)\r\n\nGet on/off at:\r\nFor Route 4 to Seattle Pacific University:\r\nStop #1690 3rd Ave & Vine St (NB)\r\nStop #2330 1st Ave N & Denny Way (NB)\r\nStop #2360 1st Ave N & Republican St (NB)\r\nStop #2690 1st Ave N & Mercer St (NB)\r\nStop #4245 Valley St & Taylor Ave N (EB)\r\n\nFor Route 4 to Judkins Park:\r\nStop #4040 5th Ave N & Valley St (SB)\r\nStop #2672 Queen Anne Ave N & W Mercer St (SB)\r\nStop #2220 3rd Ave & Cedar St (SB)",
        "url": "https://tripplanner.kingcounty.gov/#/app/nextdepartures/routeheadway/full/4/N/"
      }
    },
    {
      "type": "Feature",
      "geometry": {
        "type": "Point",
        "coordinates": [
          -122.34771,
          47.6212883
        ]
      },
      "properties": {
        "alert_id": "1_96369",
        "stop_id": "4070",
        "stop_name": "5th Ave N & Broad St",
        "alert_type": "Route Change",
        "status": "upcoming",
        "header": "Route 4 will be rerouted in the Seattle Center area from 7:30 AM to 1:00 PM on Sat Oct 10 due to the Puget Sound Heart & Stroke Walk.",
        "description": "Affected stops:\r\nStop #4200 Cedar St & Denny Way (NB)\r\nStop #4220 5th Ave N & Broad St (NB)\r\nStop #4230 5th Ave N & Republican St (NB)\r\nStop #4050 5th Ave N & Republican St (SB)\r\nStop #4070 5th Ave N & Broad St (SB)\r\nStop #4080 5th Ave N & Denny Way (SB)\r\n\nGet on/off at:\r\nFor Route 4 to Seattle Pacific University:\r\nStop #1690 3rd Ave & Vine St (NB)\r\nStop #2330 1st Ave N & Denny Way (NB)\r\nStop #2360 1st Ave N & Republican St (NB)\r\nStop #2690 1st Ave N & Mercer St (NB)\r\nStop #4245 Valley St & Taylor Ave N (EB)\r\n\nFor Route 4 to Judkins Park:\r\nStop #4040 5th Ave N & Valley St (SB)\r\nStop #2672 Queen Anne Ave N & W Mercer St (SB)\r\nStop #2220 3rd Ave & Cedar St (SB)",
        "url": "https://tripplanner.kingcounty.gov/#/app/nextdepartures/routeheadway/full/4/N/"
      }
    },
    {
      "type": "Feature",
      "geometry": {
        "type": "Point",
        "coordinates": [
          -122.347466,
          47.6235886
        ]
      },
      "properties": {
        "alert_id": "1_96369",
        "stop_id": "4230",
        "stop_name": "5th Ave N & Republican St",
        "alert_type": "Route Change",
        "status": "upcoming",
        "header": "Route 4 will be rerouted in the Seattle Center area from 7:30 AM to 1:00 PM on Sat Oct 10 due to the Puget Sound Heart & Stroke Walk.",
        "description": "Affected stops:\r\nStop #4200 Cedar St & Denny Way (NB)\r\nStop #4220 5th Ave N & Broad St (NB)\r\nStop #4230 5th Ave N & Republican St (NB)\r\nStop #4050 5th Ave N & Republican St (SB)\r\nStop #4070 5th Ave N & Broad St (SB)\r\nStop #4080 5th Ave N & Denny Way (SB)\r\n\nGet on/off at:\r\nFor Route 4 to Seattle Pacific University:\r\nStop #1690 3rd Ave & Vine St (NB)\r\nStop #2330 1st Ave N & Denny Way (NB)\r\nStop #2360 1st Ave N & Republican St (NB)\r\nStop #2690 1st Ave N & Mercer St (NB)\r\nStop #4245 Valley St & Taylor Ave N (EB)\r\n\nFor Route 4 to Judkins Park:\r\nStop #4040 5th Ave N & Valley St (SB)\r\nStop #2672 Queen Anne Ave N & W Mercer St (SB)\r\nStop #2220 3rd Ave & Cedar St (SB)",
        "url": "https://tripplanner.kingcounty.gov/#/app/nextdepartures/routeheadway/full/4/N/"
      }
    },
    {
      "type": "Feature",
      "geometry": {
        "type": "Point",
        "coordinates": [
          -122.22673,
          47.3508339
        ]
      },
      "properties": {
        "alert_id": "1_95274",
        "stop_id": "58230",
        "stop_name": "Auburn Way N & 85th Ave S",
        "alert_type": "Stop Closure",
        "status": "ongoing",
        "header": "Stop #58230 Auburn Way N & 85th Ave S (SB) and Stop #57940 Auburn Way N & 49th St NE (NB) closed from Mon Sep 21 through Fri Dec 18 due to construction.",
        "description": "This is an update to the previous alert.\r\n\nAffected routes:\r\n160\r\n\nFor Route 160 to Auburn Station get on/off at:\r\nStop #58220 Auburn Way N & S 277th St (SB)\r\nStop #58240 Auburn Way N & 45th St NE (SB)\r\nThe temporary stop on Auburn Way N, just south of 42nd St NE (SB)\r\n\nFor Route 160 to Renton get on/off at:\r\nStop #57930 Auburn Way N & 45th St NE (NB)\r\nStop #57950 Auburn Way N & S 277th St (NB)",
        "url": "https://tripplanner.kingcounty.gov/#/app/nextdepartures/routeheadway/full/160/S/"
      }
    },
    {
      "type": "Feature",
      "geometry": {
        "type": "Point",
        "coordinates": [
          -122.227257,
          47.351532
        ]
      },
      "properties": {
        "alert_id": "1_95274",
        "stop_id": "57940",
        "stop_name": "Auburn Way N & 49th St NE",
        "alert_type": "Stop Closure",
        "status": "ongoing",
        "header": "Stop #58230 Auburn Way N & 85th Ave S (SB) and Stop #57940 Auburn Way N & 49th St NE (NB) closed from Mon Sep 21 through Fri Dec 18 due to construction.",
        "description": "This is an update to the previous alert.\r\n\nAffected routes:\r\n160\r\n\nFor Route 160 to Auburn Station get on/off at:\r\nStop #58220 Auburn Way N & S 277th St (SB)\r\nStop #58240 Auburn Way N & 45th St NE (SB)\r\nThe temporary stop on Auburn Way N, just south of 42nd St NE (SB)\r\n\nFor Route 160 to Renton get on/off at:\r\nStop #57930 Auburn Way N & 45th St NE (NB)\r\nStop #57950 Auburn Way N & S 277th St (NB)",
        "url": "https://tripplanner.kingcounty.gov/#/app/nextdepartures/routeheadway/full/160/S/"
      }
    },
    {
      "type": "Feature",
      "geometry": {
        "type": "Point",
        "coordinates": [
          -122.202324,
          47.4915848
        ]
      },
      "properties": {
        "alert_id": "1_95155",
        "stop_id": "45230",
        "stop_name": "Park Ave N & N 6th St",
        "alert_type": "Route Change",
        "status": "ongoing",
        "header": "Route 240 will be rerouted in both directions off Park Ave N between N 4th St and N 6th St from Wed Sep 23 to Fri Oct 9 from 7:00 AM to 5:30 PM daily due to construction.",
        "description": "This is an update to the previous alert.\r\n\nAffected stops:\r\nStop #46510 Park Ave N & N 4th St (NB)\r\nStop #45230 Park Ave N & N 6th St (SB)\r\nStop #45240 Park Ave N & N 4th St (SB)\r\n\nFor Route 240 to Bellevue TC get on/off at:\r\nStop #46500 Park Ave N & N 3rd St (NB)\r\nThe temporary stop at N 4th St & Pelly Ave N (WB)\r\nStop #46520 Park Ave N & N 6th St (NB)\r\n\nFor Route 240 to Renton get on/off at:\r\nStop #45219 Park Ave N & N 8th St (SB)\r\nThe temporary stop at N 6th St & Pelly Ave N (WB)\r\nStop #45260 Park Ave N & North 1st Street (SB)",
        "url": "https://tripplanner.kingcounty.gov/#/app/nextdepartures/routeheadway/full/240/N/"
      }
    },
    {
      "type": "Feature",
      "geometry": {
        "type": "Point",
        "coordinates": [
          -122.202087,
          47.4887085
        ]
      },
      "properties": {
        "alert_id": "1_95155",
        "stop_id": "46510",
        "stop_name": "Park Ave N & N 4th St",
        "alert_type": "Route Change",
        "status": "ongoing",
        "header": "Route 240 will be rerouted in both directions off Park Ave N between N 4th St and N 6th St from Wed Sep 23 to Fri Oct 9 from 7:00 AM to 5:30 PM daily due to construction.",
        "description": "This is an update to the previous alert.\r\n\nAffected stops:\r\nStop #46510 Park Ave N & N 4th St (NB)\r\nStop #45230 Park Ave N & N 6th St (SB)\r\nStop #45240 Park Ave N & N 4th St (SB)\r\n\nFor Route 240 to Bellevue TC get on/off at:\r\nStop #46500 Park Ave N & N 3rd St (NB)\r\nThe temporary stop at N 4th St & Pelly Ave N (WB)\r\nStop #46520 Park Ave N & N 6th St (NB)\r\n\nFor Route 240 to Renton get on/off at:\r\nStop #45219 Park Ave N & N 8th St (SB)\r\nThe temporary stop at N 6th St & Pelly Ave N (WB)\r\nStop #45260 Park Ave N & North 1st Street (SB)",
        "url": "https://tripplanner.kingcounty.gov/#/app/nextdepartures/routeheadway/full/240/N/"
      }
    },
    {
      "type": "Feature",
      "geometry": {
        "type": "Point",
        "coordinates": [
          -122.202278,
          47.488163
        ]
      },
      "properties": {
        "alert_id": "1_95155",
        "stop_id": "45240",
        "stop_name": "Park Ave N & N 4th St",
        "alert_type": "Route Change",
        "status": "ongoing",
        "header": "Route 240 will be rerouted in both directions off Park Ave N between N 4th St and N 6th St from Wed Sep 23 to Fri Oct 9 from 7:00 AM to 5:30 PM daily due to construction.",
        "description": "This is an update to the previous alert.\r\n\nAffected stops:\r\nStop #46510 Park Ave N & N 4th St (NB)\r\nStop #45230 Park Ave N & N 6th St (SB)\r\nStop #45240 Park Ave N & N 4th St (SB)\r\n\nFor Route 240 to Bellevue TC get on/off at:\r\nStop #46500 Park Ave N & N 3rd St (NB)\r\nThe temporary stop at N 4th St & Pelly Ave N (WB)\r\nStop #46520 Park Ave N & N 6th St (NB)\r\n\nFor Route 240 to Renton get on/off at:\r\nStop #45219 Park Ave N & N 8th St (SB)\r\nThe temporary stop at N 6th St & Pelly Ave N (WB)\r\nStop #45260 Park Ave N & North 1st Street (SB)",
        "url": "https://tripplanner.kingcounty.gov/#/app/nextdepartures/routeheadway/full/240/N/"
      }
    },
    {
      "type": "Feature",
      "geometry": {
        "type": "Point",
        "coordinates": [
          -122.253113,
          47.3866577
        ]
      },
      "properties": {
        "alert_id": "1_96244",
        "stop_id": "50779",
        "stop_name": "W James St & 64th Ave S",
        "alert_type": "Stop Closure",
        "status": "ongoing",
        "header": "Stop #50779 W James St & 64th Ave S (EB) closed from Mon Oct 5 to Mon Oct 12 7:00 AM to 4:00 PM daily due to construction.",
        "description": "Affected routes:\r\n150\r\n183\r\n\nGet on/off at:\r\nFor Route 150 to Kent:\r\nThe temporary stop on 64th Ave S, just north of W James St (SB)\r\nStop #79243 W James St & Washington Ave N (EB)\r\n\nFor Route 183 to Kent:\r\nThe temporary stop on 64th Ave S, just south of W James St (NB)\r\nStop #79243 W James St & Washington Ave N (EB)\r\n",
        "url": "https://tripplanner.kingcounty.gov/#/app/nextdepartures/stoproutes/8219"
      }
    },
    {
      "type": "Feature",
      "geometry": {
        "type": "Point",
        "coordinates": [
          -122.253113,
          47.3866577
        ]
      },
      "properties": {
        "alert_id": "1_96244",
        "stop_id": "50779",
        "stop_name": "W James St & 64th Ave S",
        "alert_type": "Stop Closure",
        "status": "ongoing",
        "header": "Stop #50779 W James St & 64th Ave S (EB) closed from Mon Oct 5 to Mon Oct 12 7:00 AM to 4:00 PM daily due to construction.",
        "description": "Affected routes:\r\n150\r\n183\r\n\nGet on/off at:\r\nFor Route 150 to Kent:\r\nThe temporary stop on 64th Ave S, just north of W James St (SB)\r\nStop #79243 W James St & Washington Ave N (EB)\r\n\nFor Route 183 to Kent:\r\nThe temporary stop on 64th Ave S, just south of W James St (NB)\r\nStop #79243 W James St & Washington Ave N (EB)\r\n",
        "url": "https://tripplanner.kingcounty.gov/#/app/nextdepartures/stoproutes/8219"
      }
    },
    {
      "type": "Feature",
      "geometry": {
        "type": "Point",
        "coordinates": [
          -122.325989,
          47.6418648
        ]
      },
      "properties": {
        "alert_id": "1_96284",
        "stop_id": "9190",
        "stop_name": "Eastlake Ave E & E Louisa St",
        "alert_type": "Stop Relocation",
        "status": "ongoing",
        "header": "Stop #9190 Eastlake Ave E & E Louisa St (SB) relocated from Wed Oct 7 through Sun Oct 18 due to construction.",
        "description": "Affected routes:\r\n70\r\n\nGet on/off:\r\nThe temporary stop on Eastlake Ave E, just south of E Roanoke St (SB)",
        "url": "https://tripplanner.kingcounty.gov/#/app/nextdepartures/stoproutes/5371"
      }
    },
    {
      "type": "Feature",
      "geometry": {
        "type": "Point",
        "coordinates": [
          -122.237007,
          47.6371346
        ]
      },
      "properties": {
        "alert_id": "1_86755",
        "stop_id": "71355",
        "stop_name": "Sr 520 & Evergreen Point Rd",
        "alert_type": "Route Change",
        "status": "ongoing",
        "header": "The elevator at SR 520 & Evergreen Point Rd (WB) is out of service until further notice.",
        "description": "Westbound transit riders who require the use of an elevator can plan ahead to board or exit SR 520 transit service at the Clyde Hill/Yarrow Point Freeway Station instead. Transit passengers who need to get to Evergreen Point Station can transfer to eastbound routes 271 or ST 542 from the stop on NE Pacific St & Montlake Blvd NE - Bay 1 (EB) and use the elevator at the eastbound stop.\r\n\nThe Clyde Hill/Yarrow Point Freeway station elevators in both directions have resumed operation.",
        "url": "https://tripplanner.kingcounty.gov/#/app/nextdepartures"
      }
    },
    {
      "type": "Feature",
      "geometry": {
        "type": "Point",
        "coordinates": [
          -122.237007,
          47.6371346
        ]
      },
      "properties": {
        "alert_id": "1_86755",
        "stop_id": "71355",
        "stop_name": "Sr 520 & Evergreen Point Rd",
        "alert_type": "Route Change",
        "status": "ongoing",
        "header": "The elevator at SR 520 & Evergreen Point Rd (WB) is out of service until further notice.",
        "description": "Westbound transit riders who require the use of an elevator can plan ahead to board or exit SR 520 transit service at the Clyde Hill/Yarrow Point Freeway Station instead. Transit passengers who need to get to Evergreen Point Station can transfer to eastbound routes 271 or ST 542 from the stop on NE Pacific St & Montlake Blvd NE - Bay 1 (EB) and use the elevator at the eastbound stop.\r\n\nThe Clyde Hill/Yarrow Point Freeway station elevators in both directions have resumed operation.",
        "url": "https://tripplanner.kingcounty.gov/#/app/nextdepartures"
      }
    },
    {
      "type": "Feature",
      "geometry": {
        "type": "Point",
        "coordinates": [
          -122.237007,
          47.6371346
        ]
      },
      "properties": {
        "alert_id": "1_86755",
        "stop_id": "71355",
        "stop_name": "Sr 520 & Evergreen Point Rd",
        "alert_type": "Route Change",
        "status": "ongoing",
        "header": "The elevator at SR 520 & Evergreen Point Rd (WB) is out of service until further notice.",
        "description": "Westbound transit riders who require the use of an elevator can plan ahead to board or exit SR 520 transit service at the Clyde Hill/Yarrow Point Freeway Station instead. Transit passengers who need to get to Evergreen Point Station can transfer to eastbound routes 271 or ST 542 from the stop on NE Pacific St & Montlake Blvd NE - Bay 1 (EB) and use the elevator at the eastbound stop.\r\n\nThe Clyde Hill/Yarrow Point Freeway station elevators in both directions have resumed operation.",
        "url": "https://tripplanner.kingcounty.gov/#/app/nextdepartures"
      }
    },
    {
      "type": "Feature",
      "geometry": {
        "type": "Point",
        "coordinates": [
          -122.237007,
          47.6371346
        ]
      },
      "properties": {
        "alert_id": "1_86755",
        "stop_id": "71355",
        "stop_name": "Sr 520 & Evergreen Point Rd",
        "alert_type": "Route Change",
        "status": "ongoing",
        "header": "The elevator at SR 520 & Evergreen Point Rd (WB) is out of service until further notice.",
        "description": "Westbound transit riders who require the use of an elevator can plan ahead to board or exit SR 520 transit service at the Clyde Hill/Yarrow Point Freeway Station instead. Transit passengers who need to get to Evergreen Point Station can transfer to eastbound routes 271 or ST 542 from the stop on NE Pacific St & Montlake Blvd NE - Bay 1 (EB) and use the elevator at the eastbound stop.\r\n\nThe Clyde Hill/Yarrow Point Freeway station elevators in both directions have resumed operation.",
        "url": "https://tripplanner.kingcounty.gov/#/app/nextdepartures"
      }
    },
    {
      "type": "Feature",
      "geometry": {
        "type": "Point",
        "coordinates": [
          -122.237007,
          47.6371346
        ]
      },
      "properties": {
        "alert_id": "1_86755",
        "stop_id": "71355",
        "stop_name": "Sr 520 & Evergreen Point Rd",
        "alert_type": "Route Change",
        "status": "ongoing",
        "header": "The elevator at SR 520 & Evergreen Point Rd (WB) is out of service until further notice.",
        "description": "Westbound transit riders who require the use of an elevator can plan ahead to board or exit SR 520 transit service at the Clyde Hill/Yarrow Point Freeway Station instead. Transit passengers who need to get to Evergreen Point Station can transfer to eastbound routes 271 or ST 542 from the stop on NE Pacific St & Montlake Blvd NE - Bay 1 (EB) and use the elevator at the eastbound stop.\r\n\nThe Clyde Hill/Yarrow Point Freeway station elevators in both directions have resumed operation.",
        "url": "https://tripplanner.kingcounty.gov/#/app/nextdepartures"
      }
    },
    {
      "type": "Feature",
      "geometry": {
        "type": "Point",
        "coordinates": [
          -122.237007,
          47.6371346
        ]
      },
      "properties": {
        "alert_id": "1_86755",
        "stop_id": "71355",
        "stop_name": "Sr 520 & Evergreen Point Rd",
        "alert_type": "Route Change",
        "status": "ongoing",
        "header": "The elevator at SR 520 & Evergreen Point Rd (WB) is out of service until further notice.",
        "description": "Westbound transit riders who require the use of an elevator can plan ahead to board or exit SR 520 transit service at the Clyde Hill/Yarrow Point Freeway Station instead. Transit passengers who need to get to Evergreen Point Station can transfer to eastbound routes 271 or ST 542 from the stop on NE Pacific St & Montlake Blvd NE - Bay 1 (EB) and use the elevator at the eastbound stop.\r\n\nThe Clyde Hill/Yarrow Point Freeway station elevators in both directions have resumed operation.",
        "url": "https://tripplanner.kingcounty.gov/#/app/nextdepartures"
      }
    },
    {
      "type": "Feature",
      "geometry": {
        "type": "Point",
        "coordinates": [
          -122.237007,
          47.6371346
        ]
      },
      "properties": {
        "alert_id": "1_86755",
        "stop_id": "71355",
        "stop_name": "Sr 520 & Evergreen Point Rd",
        "alert_type": "Route Change",
        "status": "ongoing",
        "header": "The elevator at SR 520 & Evergreen Point Rd (WB) is out of service until further notice.",
        "description": "Westbound transit riders who require the use of an elevator can plan ahead to board or exit SR 520 transit service at the Clyde Hill/Yarrow Point Freeway Station instead. Transit passengers who need to get to Evergreen Point Station can transfer to eastbound routes 271 or ST 542 from the stop on NE Pacific St & Montlake Blvd NE - Bay 1 (EB) and use the elevator at the eastbound stop.\r\n\nThe Clyde Hill/Yarrow Point Freeway station elevators in both directions have resumed operation.",
        "url": "https://tripplanner.kingcounty.gov/#/app/nextdepartures"
      }
    },
    {
      "type": "Feature",
      "geometry": {
        "type": "Point",
        "coordinates": [
          -122.285156,
          47.6018524
        ]
      },
      "properties": {
        "alert_id": "1_95109",
        "stop_id": "27240",
        "stop_name": "Lakeside Ave S & Lake Washington Blvd",
        "alert_type": "Stop Closure",
        "status": "ongoing",
        "header": "Stop #27240 Lakeside Ave S & Lake Washington Blvd (NB) closed from Sat Sep 19 at 9:00 AM to Thu Dec 31 at 11:00 PM due to construction.",
        "description": "Affected routes:\r\n27\r\n\nGet on/off at:\r\nStop #27230 Lakeside Ave S & S Leschi Pl (NB)",
        "url": "https://tripplanner.kingcounty.gov/#/app/nextdepartures/stoproutes/6083"
      }
    },
    {
      "type": "Feature",
      "geometry": {
        "type": "Point",
        "coordinates": [
          -122.207909,
          47.4662895
        ]
      },
      "properties": {
        "alert_id": "1_94654",
        "stop_id": "59934",
        "stop_name": "Sr 515 & S 15th St",
        "alert_type": "Stop Relocation",
        "status": "ongoing",
        "header": "Stop #59934 SR 515 & S 15th St (SB) relocated through Sat Oct 10 due to construction.",
        "description": "Affected routes:\r\n160\r\n\nGet on/off at:\r\nStop #59938 Talbot Rd S & S Renton Village Pl (SB)\r\nThe temporary stop on Benson Dr S (WA 515), just south of S 16th St (SB)\r\n",
        "url": "https://tripplanner.kingcounty.gov/#/app/nextdepartures/routeheadway/full/160/S/"
      }
    },
    {
      "type": "Feature",
      "geometry": {
        "type": "Point",
        "coordinates": [
          -122.111916,
          47.5701828
        ]
      },
      "properties": {
        "alert_id": "1_95864",
        "stop_id": "64610",
        "stop_name": "SE Newport Way & 172nd Ave SE",
        "alert_type": "Stop Relocation",
        "status": "ongoing",
        "header": "Stop #64610 SE Newport Way & 172nd Ave SE (WB) relocated until further notice.",
        "description": "Affected routes:\r\n203\r\n\nGet on/off at:\r\nThe temporary stop on SE Newport Way, just east of the closed zone (WB)",
        "url": "https://tripplanner.kingcounty.gov/#/app/nextdepartures/stoproutes/8476"
      }
    },
    {
      "type": "Feature",
      "geometry": {
        "type": "Point",
        "coordinates": [
          -122.313248,
          47.7195091
        ]
      },
      "properties": {
        "alert_id": "1_95981",
        "stop_id": "35270",
        "stop_name": "NE 125th St & 15th Ave NE",
        "alert_type": "Stop Closure",
        "status": "ongoing",
        "header": "Stop #35270 NE 125th St & 15th Ave NE (WB) closed from Mon Oct 5 at 3:30 AM to Fri Mar 26, 2027 at 12:00 AM due to construction.",
        "description": "Affected routes:\r\n75\r\n77\r\n986\r\n\nGet on/off at:\r\nFor Routes 75 to Northgate Station, 77 to Bitter Lake, 986 to Kirkland:\r\nStop #35250 NE 125th St & 20th Ave NE (WB)\r\nStop #43036 NE 125th St & 11th Ave NE (WB)",
        "url": "https://tripplanner.kingcounty.gov/#/app/nextdepartures/stoproutes/3724"
      }
    },
    {
      "type": "Feature",
      "geometry": {
        "type": "Point",
        "coordinates": [
          -122.313248,
          47.7195091
        ]
      },
      "properties": {
        "alert_id": "1_95981",
        "stop_id": "35270",
        "stop_name": "NE 125th St & 15th Ave NE",
        "alert_type": "Stop Closure",
        "status": "ongoing",
        "header": "Stop #35270 NE 125th St & 15th Ave NE (WB) closed from Mon Oct 5 at 3:30 AM to Fri Mar 26, 2027 at 12:00 AM due to construction.",
        "description": "Affected routes:\r\n75\r\n77\r\n986\r\n\nGet on/off at:\r\nFor Routes 75 to Northgate Station, 77 to Bitter Lake, 986 to Kirkland:\r\nStop #35250 NE 125th St & 20th Ave NE (WB)\r\nStop #43036 NE 125th St & 11th Ave NE (WB)",
        "url": "https://tripplanner.kingcounty.gov/#/app/nextdepartures/stoproutes/3724"
      }
    },
    {
      "type": "Feature",
      "geometry": {
        "type": "Point",
        "coordinates": [
          -122.313248,
          47.7195091
        ]
      },
      "properties": {
        "alert_id": "1_95981",
        "stop_id": "35270",
        "stop_name": "NE 125th St & 15th Ave NE",
        "alert_type": "Stop Closure",
        "status": "ongoing",
        "header": "Stop #35270 NE 125th St & 15th Ave NE (WB) closed from Mon Oct 5 at 3:30 AM to Fri Mar 26, 2027 at 12:00 AM due to construction.",
        "description": "Affected routes:\r\n75\r\n77\r\n986\r\n\nGet on/off at:\r\nFor Routes 75 to Northgate Station, 77 to Bitter Lake, 986 to Kirkland:\r\nStop #35250 NE 125th St & 20th Ave NE (WB)\r\nStop #43036 NE 125th St & 11th Ave NE (WB)",
        "url": "https://tripplanner.kingcounty.gov/#/app/nextdepartures/stoproutes/3724"
      }
    },
    {
      "type": "Feature",
      "geometry": {
        "type": "Point",
        "coordinates": [
          -121.786354,
          47.498745
        ]
      },
      "properties": {
        "alert_id": "1_94015",
        "stop_id": "64330",
        "stop_name": "Bendigo Blvd N & Sidney Ave N",
        "alert_type": "Stop Relocation",
        "status": "ongoing",
        "header": "Stop #64330 Bendigo Blvd N & Sidney Ave N (WB) relocated from Sat Aug 29 through Fri Mar 26 due to construction.",
        "description": "Affected routes:\r\n215\r\n\nGet on/off at:\r\nStop #64341 Bendigo Blvd N & W 2nd St (NB)\r\nThe temporary stop on Bendigo Blvd N, just east of Sydney Ave N (WB)\r\nStop #85782 NW 14th St & Boalch Ave NW (WB)",
        "url": "https://tripplanner.kingcounty.gov/#/app/nextdepartures/stoproutes/582"
      }
    },
    {
      "type": "Feature",
      "geometry": {
        "type": "Point",
        "coordinates": [
          -122.304092,
          47.6504936
        ]
      },
      "properties": {
        "alert_id": "1_96395",
        "stop_id": "25755",
        "stop_name": "Montlake Blvd NE & NE Pacific Pl - Bay 4",
        "alert_type": "Route Change",
        "status": "upcoming",
        "header": "Route 255 and ST 542 will be rerouted in the UW Campus area from 7:30 PM to 10:30 PM on Fri Oct 9 due to the Husky Football Game.",
        "description": "Affected stops:\r\nStop #25755 Montlake Blvd NE & NE Pacific Pl - Bay 4 (NB)\r\n\nGet on/off at:\r\nStop #29405 NE Pacific St & Montlake Blvd NE - Bay 2 (WB)\r\n\n*Please expect heavy traffic in the UW Campus area during the Husky Football Gameday.",
        "url": "https://tripplanner.kingcounty.gov/#/app/nextdepartures/stoproutes/74851"
      }
    },
    {
      "type": "Feature",
      "geometry": {
        "type": "Point",
        "coordinates": [
          -122.304092,
          47.6504936
        ]
      },
      "properties": {
        "alert_id": "1_96395",
        "stop_id": "25755",
        "stop_name": "Montlake Blvd NE & NE Pacific Pl - Bay 4",
        "alert_type": "Route Change",
        "status": "upcoming",
        "header": "Route 255 and ST 542 will be rerouted in the UW Campus area from 7:30 PM to 10:30 PM on Fri Oct 9 due to the Husky Football Game.",
        "description": "Affected stops:\r\nStop #25755 Montlake Blvd NE & NE Pacific Pl - Bay 4 (NB)\r\n\nGet on/off at:\r\nStop #29405 NE Pacific St & Montlake Blvd NE - Bay 2 (WB)\r\n\n*Please expect heavy traffic in the UW Campus area during the Husky Football Gameday.",
        "url": "https://tripplanner.kingcounty.gov/#/app/nextdepartures/stoproutes/74851"
      }
    },
    {
      "type": "Feature",
      "geometry": {
        "type": "Point",
        "coordinates": [
          -122.341743,
          47.6129951
        ]
      },
      "properties": {
        "alert_id": "1_96276",
        "stop_id": "600",
        "stop_name": "3rd Ave & Virginia St",
        "alert_type": "Route Change",
        "status": "upcoming",
        "header": "Routes 5 and 28 will be rerouted in the Downtown Seattle area from 7:30 AM to 1:00 PM on Sat Oct 10 due to the Puget Sound Heart & Stroke Walk.",
        "description": "Affected stops:\r\nStop #600 3rd Ave & Virginia St (NB)\r\nStop #605 3rd Ave & Bell St (NB)\r\nStop #570 3rd Ave & Union St (NB)\r\nStop #590 3rd Ave & Pine St (NB)\r\nStop #7430 Wall St & 5th Ave (WB)\r\nStop #6176 7th Ave N & Thomas St (SB)\r\n\nGet on/off at:\r\nFor Routes 5 and 28 to Downtown Seattle:\r\nStop #400 3rd Ave & Bell St (SB)\r\n\nFor Routes 5 to Shoreline and 28 to Broadview/Carkeek Park:\r\nStop #548 3rd Ave & Madison St (NB)\r\nThe temporary stop on 6th Ave, just south of Union St (NB)\r\nThe temporary stop on 6th Ave, just south of Pine St (NB)\r\nThe temporary stop on 6th Ave, just south of Virginia St (NB)\r\nThe temporary stop on 6th Ave, just south of Bell St (NB)\r\nStop #6236 7th Ave N & Denny Way (NB)",
        "url": "https://tripplanner.kingcounty.gov/#/app/tripplanning"
      }
    },
    {
      "type": "Feature",
      "geometry": {
        "type": "Point",
        "coordinates": [
          -122.341743,
          47.6129951
        ]
      },
      "properties": {
        "alert_id": "1_96276",
        "stop_id": "600",
        "stop_name": "3rd Ave & Virginia St",
        "alert_type": "Route Change",
        "status": "upcoming",
        "header": "Routes 5 and 28 will be rerouted in the Downtown Seattle area from 7:30 AM to 1:00 PM on Sat Oct 10 due to the Puget Sound Heart & Stroke Walk.",
        "description": "Affected stops:\r\nStop #600 3rd Ave & Virginia St (NB)\r\nStop #605 3rd Ave & Bell St (NB)\r\nStop #570 3rd Ave & Union St (NB)\r\nStop #590 3rd Ave & Pine St (NB)\r\nStop #7430 Wall St & 5th Ave (WB)\r\nStop #6176 7th Ave N & Thomas St (SB)\r\n\nGet on/off at:\r\nFor Routes 5 and 28 to Downtown Seattle:\r\nStop #400 3rd Ave & Bell St (SB)\r\n\nFor Routes 5 to Shoreline and 28 to Broadview/Carkeek Park:\r\nStop #548 3rd Ave & Madison St (NB)\r\nThe temporary stop on 6th Ave, just south of Union St (NB)\r\nThe temporary stop on 6th Ave, just south of Pine St (NB)\r\nThe temporary stop on 6th Ave, just south of Virginia St (NB)\r\nThe temporary stop on 6th Ave, just south of Bell St (NB)\r\nStop #6236 7th Ave N & Denny Way (NB)",
        "url": "https://tripplanner.kingcounty.gov/#/app/tripplanning"
      }
    },
    {
      "type": "Feature",
      "geometry": {
        "type": "Point",
        "coordinates": [
          -122.345268,
          47.6175041
        ]
      },
      "properties": {
        "alert_id": "1_96276",
        "stop_id": "7430",
        "stop_name": "Wall St & 5th Ave",
        "alert_type": "Route Change",
        "status": "upcoming",
        "header": "Routes 5 and 28 will be rerouted in the Downtown Seattle area from 7:30 AM to 1:00 PM on Sat Oct 10 due to the Puget Sound Heart & Stroke Walk.",
        "description": "Affected stops:\r\nStop #600 3rd Ave & Virginia St (NB)\r\nStop #605 3rd Ave & Bell St (NB)\r\nStop #570 3rd Ave & Union St (NB)\r\nStop #590 3rd Ave & Pine St (NB)\r\nStop #7430 Wall St & 5th Ave (WB)\r\nStop #6176 7th Ave N & Thomas St (SB)\r\n\nGet on/off at:\r\nFor Routes 5 and 28 to Downtown Seattle:\r\nStop #400 3rd Ave & Bell St (SB)\r\n\nFor Routes 5 to Shoreline and 28 to Broadview/Carkeek Park:\r\nStop #548 3rd Ave & Madison St (NB)\r\nThe temporary stop on 6th Ave, just south of Union St (NB)\r\nThe temporary stop on 6th Ave, just south of Pine St (NB)\r\nThe temporary stop on 6th Ave, just south of Virginia St (NB)\r\nThe temporary stop on 6th Ave, just south of Bell St (NB)\r\nStop #6236 7th Ave N & Denny Way (NB)",
        "url": "https://tripplanner.kingcounty.gov/#/app/tripplanning"
      }
    },
    {
      "type": "Feature",
      "geometry": {
        "type": "Point",
        "coordinates": [
          -122.3367,
          47.6086884
        ]
      },
      "properties": {
        "alert_id": "1_96276",
        "stop_id": "570",
        "stop_name": "3rd Ave & Union St",
        "alert_type": "Route Change",
        "status": "upcoming",
        "header": "Routes 5 and 28 will be rerouted in the Downtown Seattle area from 7:30 AM to 1:00 PM on Sat Oct 10 due to the Puget Sound Heart & Stroke Walk.",
        "description": "Affected stops:\r\nStop #600 3rd Ave & Virginia St (NB)\r\nStop #605 3rd Ave & Bell St (NB)\r\nStop #570 3rd Ave & Union St (NB)\r\nStop #590 3rd Ave & Pine St (NB)\r\nStop #7430 Wall St & 5th Ave (WB)\r\nStop #6176 7th Ave N & Thomas St (SB)\r\n\nGet on/off at:\r\nFor Routes 5 and 28 to Downtown Seattle:\r\nStop #400 3rd Ave & Bell St (SB)\r\n\nFor Routes 5 to Shoreline and 28 to Broadview/Carkeek Park:\r\nStop #548 3rd Ave & Madison St (NB)\r\nThe temporary stop on 6th Ave, just south of Union St (NB)\r\nThe temporary stop on 6th Ave, just south of Pine St (NB)\r\nThe temporary stop on 6th Ave, just south of Virginia St (NB)\r\nThe temporary stop on 6th Ave, just south of Bell St (NB)\r\nStop #6236 7th Ave N & Denny Way (NB)",
        "url": "https://tripplanner.kingcounty.gov/#/app/tripplanning"
      }
    },
    {
      "type": "Feature",
      "geometry": {
        "type": "Point",
        "coordinates": [
          -122.345268,
          47.6175041
        ]
      },
      "properties": {
        "alert_id": "1_96276",
        "stop_id": "7430",
        "stop_name": "Wall St & 5th Ave",
        "alert_type": "Route Change",
        "status": "upcoming",
        "header": "Routes 5 and 28 will be rerouted in the Downtown Seattle area from 7:30 AM to 1:00 PM on Sat Oct 10 due to the Puget Sound Heart & Stroke Walk.",
        "description": "Affected stops:\r\nStop #600 3rd Ave & Virginia St (NB)\r\nStop #605 3rd Ave & Bell St (NB)\r\nStop #570 3rd Ave & Union St (NB)\r\nStop #590 3rd Ave & Pine St (NB)\r\nStop #7430 Wall St & 5th Ave (WB)\r\nStop #6176 7th Ave N & Thomas St (SB)\r\n\nGet on/off at:\r\nFor Routes 5 and 28 to Downtown Seattle:\r\nStop #400 3rd Ave & Bell St (SB)\r\n\nFor Routes 5 to Shoreline and 28 to Broadview/Carkeek Park:\r\nStop #548 3rd Ave & Madison St (NB)\r\nThe temporary stop on 6th Ave, just south of Union St (NB)\r\nThe temporary stop on 6th Ave, just south of Pine St (NB)\r\nThe temporary stop on 6th Ave, just south of Virginia St (NB)\r\nThe temporary stop on 6th Ave, just south of Bell St (NB)\r\nStop #6236 7th Ave N & Denny Way (NB)",
        "url": "https://tripplanner.kingcounty.gov/#/app/tripplanning"
      }
    },
    {
      "type": "Feature",
      "geometry": {
        "type": "Point",
        "coordinates": [
          -122.343842,
          47.6210556
        ]
      },
      "properties": {
        "alert_id": "1_96276",
        "stop_id": "6176",
        "stop_name": "7th Ave N & Thomas St",
        "alert_type": "Route Change",
        "status": "upcoming",
        "header": "Routes 5 and 28 will be rerouted in the Downtown Seattle area from 7:30 AM to 1:00 PM on Sat Oct 10 due to the Puget Sound Heart & Stroke Walk.",
        "description": "Affected stops:\r\nStop #600 3rd Ave & Virginia St (NB)\r\nStop #605 3rd Ave & Bell St (NB)\r\nStop #570 3rd Ave & Union St (NB)\r\nStop #590 3rd Ave & Pine St (NB)\r\nStop #7430 Wall St & 5th Ave (WB)\r\nStop #6176 7th Ave N & Thomas St (SB)\r\n\nGet on/off at:\r\nFor Routes 5 and 28 to Downtown Seattle:\r\nStop #400 3rd Ave & Bell St (SB)\r\n\nFor Routes 5 to Shoreline and 28 to Broadview/Carkeek Park:\r\nStop #548 3rd Ave & Madison St (NB)\r\nThe temporary stop on 6th Ave, just south of Union St (NB)\r\nThe temporary stop on 6th Ave, just south of Pine St (NB)\r\nThe temporary stop on 6th Ave, just south of Virginia St (NB)\r\nThe temporary stop on 6th Ave, just south of Bell St (NB)\r\nStop #6236 7th Ave N & Denny Way (NB)",
        "url": "https://tripplanner.kingcounty.gov/#/app/tripplanning"
      }
    },
    {
      "type": "Feature",
      "geometry": {
        "type": "Point",
        "coordinates": [
          -122.343842,
          47.6210556
        ]
      },
      "properties": {
        "alert_id": "1_96276",
        "stop_id": "6176",
        "stop_name": "7th Ave N & Thomas St",
        "alert_type": "Route Change",
        "status": "upcoming",
        "header": "Routes 5 and 28 will be rerouted in the Downtown Seattle area from 7:30 AM to 1:00 PM on Sat Oct 10 due to the Puget Sound Heart & Stroke Walk.",
        "description": "Affected stops:\r\nStop #600 3rd Ave & Virginia St (NB)\r\nStop #605 3rd Ave & Bell St (NB)\r\nStop #570 3rd Ave & Union St (NB)\r\nStop #590 3rd Ave & Pine St (NB)\r\nStop #7430 Wall St & 5th Ave (WB)\r\nStop #6176 7th Ave N & Thomas St (SB)\r\n\nGet on/off at:\r\nFor Routes 5 and 28 to Downtown Seattle:\r\nStop #400 3rd Ave & Bell St (SB)\r\n\nFor Routes 5 to Shoreline and 28 to Broadview/Carkeek Park:\r\nStop #548 3rd Ave & Madison St (NB)\r\nThe temporary stop on 6th Ave, just south of Union St (NB)\r\nThe temporary stop on 6th Ave, just south of Pine St (NB)\r\nThe temporary stop on 6th Ave, just south of Virginia St (NB)\r\nThe temporary stop on 6th Ave, just south of Bell St (NB)\r\nStop #6236 7th Ave N & Denny Way (NB)",
        "url": "https://tripplanner.kingcounty.gov/#/app/tripplanning"
      }
    },
    {
      "type": "Feature",
      "geometry": {
        "type": "Point",
        "coordinates": [
          -122.3367,
          47.6086884
        ]
      },
      "properties": {
        "alert_id": "1_96276",
        "stop_id": "570",
        "stop_name": "3rd Ave & Union St",
        "alert_type": "Route Change",
        "status": "upcoming",
        "header": "Routes 5 and 28 will be rerouted in the Downtown Seattle area from 7:30 AM to 1:00 PM on Sat Oct 10 due to the Puget Sound Heart & Stroke Walk.",
        "description": "Affected stops:\r\nStop #600 3rd Ave & Virginia St (NB)\r\nStop #605 3rd Ave & Bell St (NB)\r\nStop #570 3rd Ave & Union St (NB)\r\nStop #590 3rd Ave & Pine St (NB)\r\nStop #7430 Wall St & 5th Ave (WB)\r\nStop #6176 7th Ave N & Thomas St (SB)\r\n\nGet on/off at:\r\nFor Routes 5 and 28 to Downtown Seattle:\r\nStop #400 3rd Ave & Bell St (SB)\r\n\nFor Routes 5 to Shoreline and 28 to Broadview/Carkeek Park:\r\nStop #548 3rd Ave & Madison St (NB)\r\nThe temporary stop on 6th Ave, just south of Union St (NB)\r\nThe temporary stop on 6th Ave, just south of Pine St (NB)\r\nThe temporary stop on 6th Ave, just south of Virginia St (NB)\r\nThe temporary stop on 6th Ave, just south of Bell St (NB)\r\nStop #6236 7th Ave N & Denny Way (NB)",
        "url": "https://tripplanner.kingcounty.gov/#/app/tripplanning"
      }
    },
    {
      "type": "Feature",
      "geometry": {
        "type": "Point",
        "coordinates": [
          -122.338951,
          47.6111374
        ]
      },
      "properties": {
        "alert_id": "1_96276",
        "stop_id": "590",
        "stop_name": "3rd Ave & Pine St",
        "alert_type": "Route Change",
        "status": "upcoming",
        "header": "Routes 5 and 28 will be rerouted in the Downtown Seattle area from 7:30 AM to 1:00 PM on Sat Oct 10 due to the Puget Sound Heart & Stroke Walk.",
        "description": "Affected stops:\r\nStop #600 3rd Ave & Virginia St (NB)\r\nStop #605 3rd Ave & Bell St (NB)\r\nStop #570 3rd Ave & Union St (NB)\r\nStop #590 3rd Ave & Pine St (NB)\r\nStop #7430 Wall St & 5th Ave (WB)\r\nStop #6176 7th Ave N & Thomas St (SB)\r\n\nGet on/off at:\r\nFor Routes 5 and 28 to Downtown Seattle:\r\nStop #400 3rd Ave & Bell St (SB)\r\n\nFor Routes 5 to Shoreline and 28 to Broadview/Carkeek Park:\r\nStop #548 3rd Ave & Madison St (NB)\r\nThe temporary stop on 6th Ave, just south of Union St (NB)\r\nThe temporary stop on 6th Ave, just south of Pine St (NB)\r\nThe temporary stop on 6th Ave, just south of Virginia St (NB)\r\nThe temporary stop on 6th Ave, just south of Bell St (NB)\r\nStop #6236 7th Ave N & Denny Way (NB)",
        "url": "https://tripplanner.kingcounty.gov/#/app/tripplanning"
      }
    },
    {
      "type": "Feature",
      "geometry": {
        "type": "Point",
        "coordinates": [
          -122.338951,
          47.6111374
        ]
      },
      "properties": {
        "alert_id": "1_96276",
        "stop_id": "590",
        "stop_name": "3rd Ave & Pine St",
        "alert_type": "Route Change",
        "status": "upcoming",
        "header": "Routes 5 and 28 will be rerouted in the Downtown Seattle area from 7:30 AM to 1:00 PM on Sat Oct 10 due to the Puget Sound Heart & Stroke Walk.",
        "description": "Affected stops:\r\nStop #600 3rd Ave & Virginia St (NB)\r\nStop #605 3rd Ave & Bell St (NB)\r\nStop #570 3rd Ave & Union St (NB)\r\nStop #590 3rd Ave & Pine St (NB)\r\nStop #7430 Wall St & 5th Ave (WB)\r\nStop #6176 7th Ave N & Thomas St (SB)\r\n\nGet on/off at:\r\nFor Routes 5 and 28 to Downtown Seattle:\r\nStop #400 3rd Ave & Bell St (SB)\r\n\nFor Routes 5 to Shoreline and 28 to Broadview/Carkeek Park:\r\nStop #548 3rd Ave & Madison St (NB)\r\nThe temporary stop on 6th Ave, just south of Union St (NB)\r\nThe temporary stop on 6th Ave, just south of Pine St (NB)\r\nThe temporary stop on 6th Ave, just south of Virginia St (NB)\r\nThe temporary stop on 6th Ave, just south of Bell St (NB)\r\nStop #6236 7th Ave N & Denny Way (NB)",
        "url": "https://tripplanner.kingcounty.gov/#/app/tripplanning"
      }
    },
    {
      "type": "Feature",
      "geometry": {
        "type": "Point",
        "coordinates": [
          -122.345337,
          47.6151199
        ]
      },
      "properties": {
        "alert_id": "1_96276",
        "stop_id": "605",
        "stop_name": "3rd Ave & Bell St",
        "alert_type": "Route Change",
        "status": "upcoming",
        "header": "Routes 5 and 28 will be rerouted in the Downtown Seattle area from 7:30 AM to 1:00 PM on Sat Oct 10 due to the Puget Sound Heart & Stroke Walk.",
        "description": "Affected stops:\r\nStop #600 3rd Ave & Virginia St (NB)\r\nStop #605 3rd Ave & Bell St (NB)\r\nStop #570 3rd Ave & Union St (NB)\r\nStop #590 3rd Ave & Pine St (NB)\r\nStop #7430 Wall St & 5th Ave (WB)\r\nStop #6176 7th Ave N & Thomas St (SB)\r\n\nGet on/off at:\r\nFor Routes 5 and 28 to Downtown Seattle:\r\nStop #400 3rd Ave & Bell St (SB)\r\n\nFor Routes 5 to Shoreline and 28 to Broadview/Carkeek Park:\r\nStop #548 3rd Ave & Madison St (NB)\r\nThe temporary stop on 6th Ave, just south of Union St (NB)\r\nThe temporary stop on 6th Ave, just south of Pine St (NB)\r\nThe temporary stop on 6th Ave, just south of Virginia St (NB)\r\nThe temporary stop on 6th Ave, just south of Bell St (NB)\r\nStop #6236 7th Ave N & Denny Way (NB)",
        "url": "https://tripplanner.kingcounty.gov/#/app/tripplanning"
      }
    },
    {
      "type": "Feature",
      "geometry": {
        "type": "Point",
        "coordinates": [
          -122.345337,
          47.6151199
        ]
      },
      "properties": {
        "alert_id": "1_96276",
        "stop_id": "605",
        "stop_name": "3rd Ave & Bell St",
        "alert_type": "Route Change",
        "status": "upcoming",
        "header": "Routes 5 and 28 will be rerouted in the Downtown Seattle area from 7:30 AM to 1:00 PM on Sat Oct 10 due to the Puget Sound Heart & Stroke Walk.",
        "description": "Affected stops:\r\nStop #600 3rd Ave & Virginia St (NB)\r\nStop #605 3rd Ave & Bell St (NB)\r\nStop #570 3rd Ave & Union St (NB)\r\nStop #590 3rd Ave & Pine St (NB)\r\nStop #7430 Wall St & 5th Ave (WB)\r\nStop #6176 7th Ave N & Thomas St (SB)\r\n\nGet on/off at:\r\nFor Routes 5 and 28 to Downtown Seattle:\r\nStop #400 3rd Ave & Bell St (SB)\r\n\nFor Routes 5 to Shoreline and 28 to Broadview/Carkeek Park:\r\nStop #548 3rd Ave & Madison St (NB)\r\nThe temporary stop on 6th Ave, just south of Union St (NB)\r\nThe temporary stop on 6th Ave, just south of Pine St (NB)\r\nThe temporary stop on 6th Ave, just south of Virginia St (NB)\r\nThe temporary stop on 6th Ave, just south of Bell St (NB)\r\nStop #6236 7th Ave N & Denny Way (NB)",
        "url": "https://tripplanner.kingcounty.gov/#/app/tripplanning"
      }
    },
    {
      "type": "Feature",
      "geometry": {
        "type": "Point",
        "coordinates": [
          -122.351715,
          47.618515
        ]
      },
      "properties": {
        "alert_id": "1_96271",
        "stop_id": "2244",
        "stop_name": "Denny Way & 2nd Ave N",
        "alert_type": "Route Change",
        "status": "upcoming",
        "header": "Routes 24 and 33 will be rerouted in the Seattle Center area from 7:30 AM to 1:00 PM on Sat Oct 10 due to the Puget Sound Heart & Stroke Walk.",
        "description": "Affected stops:\r\nStop #2244 Denny Way & 2nd Ave N (EB)\r\nStop #20829 Denny Way & 2nd Ave N (WB)\r\n\nGet on/off at:\r\nFor Routes 24 to Magnolia and 33 to E Magnolia:\r\nStop #1690 3rd Ave & Vine St (NB)\r\nStop #19440 Denny Way & Queen Anne Ave N (WB)\r\n\nFor Routes 24 and 33 to Downtown Seatle: \r\nStop #19420 Western Ave W & Elliott Ave W (SB)\r\nStop #2220 3rd Ave & Cedar St (SB)",
        "url": "https://tripplanner.kingcounty.gov/#/app/tripplanning"
      }
    },
    {
      "type": "Feature",
      "geometry": {
        "type": "Point",
        "coordinates": [
          -122.352615,
          47.61866
        ]
      },
      "properties": {
        "alert_id": "1_96271",
        "stop_id": "20829",
        "stop_name": "Denny Way & 2nd Ave N",
        "alert_type": "Route Change",
        "status": "upcoming",
        "header": "Routes 24 and 33 will be rerouted in the Seattle Center area from 7:30 AM to 1:00 PM on Sat Oct 10 due to the Puget Sound Heart & Stroke Walk.",
        "description": "Affected stops:\r\nStop #2244 Denny Way & 2nd Ave N (EB)\r\nStop #20829 Denny Way & 2nd Ave N (WB)\r\n\nGet on/off at:\r\nFor Routes 24 to Magnolia and 33 to E Magnolia:\r\nStop #1690 3rd Ave & Vine St (NB)\r\nStop #19440 Denny Way & Queen Anne Ave N (WB)\r\n\nFor Routes 24 and 33 to Downtown Seatle: \r\nStop #19420 Western Ave W & Elliott Ave W (SB)\r\nStop #2220 3rd Ave & Cedar St (SB)",
        "url": "https://tripplanner.kingcounty.gov/#/app/tripplanning"
      }
    },
    {
      "type": "Feature",
      "geometry": {
        "type": "Point",
        "coordinates": [
          -122.351715,
          47.618515
        ]
      },
      "properties": {
        "alert_id": "1_96271",
        "stop_id": "2244",
        "stop_name": "Denny Way & 2nd Ave N",
        "alert_type": "Route Change",
        "status": "upcoming",
        "header": "Routes 24 and 33 will be rerouted in the Seattle Center area from 7:30 AM to 1:00 PM on Sat Oct 10 due to the Puget Sound Heart & Stroke Walk.",
        "description": "Affected stops:\r\nStop #2244 Denny Way & 2nd Ave N (EB)\r\nStop #20829 Denny Way & 2nd Ave N (WB)\r\n\nGet on/off at:\r\nFor Routes 24 to Magnolia and 33 to E Magnolia:\r\nStop #1690 3rd Ave & Vine St (NB)\r\nStop #19440 Denny Way & Queen Anne Ave N (WB)\r\n\nFor Routes 24 and 33 to Downtown Seatle: \r\nStop #19420 Western Ave W & Elliott Ave W (SB)\r\nStop #2220 3rd Ave & Cedar St (SB)",
        "url": "https://tripplanner.kingcounty.gov/#/app/tripplanning"
      }
    },
    {
      "type": "Feature",
      "geometry": {
        "type": "Point",
        "coordinates": [
          -122.352615,
          47.61866
        ]
      },
      "properties": {
        "alert_id": "1_96271",
        "stop_id": "20829",
        "stop_name": "Denny Way & 2nd Ave N",
        "alert_type": "Route Change",
        "status": "upcoming",
        "header": "Routes 24 and 33 will be rerouted in the Seattle Center area from 7:30 AM to 1:00 PM on Sat Oct 10 due to the Puget Sound Heart & Stroke Walk.",
        "description": "Affected stops:\r\nStop #2244 Denny Way & 2nd Ave N (EB)\r\nStop #20829 Denny Way & 2nd Ave N (WB)\r\n\nGet on/off at:\r\nFor Routes 24 to Magnolia and 33 to E Magnolia:\r\nStop #1690 3rd Ave & Vine St (NB)\r\nStop #19440 Denny Way & Queen Anne Ave N (WB)\r\n\nFor Routes 24 and 33 to Downtown Seatle: \r\nStop #19420 Western Ave W & Elliott Ave W (SB)\r\nStop #2220 3rd Ave & Cedar St (SB)",
        "url": "https://tripplanner.kingcounty.gov/#/app/tripplanning"
      }
    },
    {
      "type": "Feature",
      "geometry": {
        "type": "Point",
        "coordinates": [
          -122.351715,
          47.618515
        ]
      },
      "properties": {
        "alert_id": "1_96273",
        "stop_id": "2244",
        "stop_name": "Denny Way & 2nd Ave N",
        "alert_type": "Route Change",
        "status": "upcoming",
        "header": "Routes 1, 2 and 13 will be rerouted in the Seattle Center area from 7:30 AM to 1:00 PM on Sat Oct 10 due to the Puget Sound Heart & Stroke Walk.",
        "description": "Affected stops:\r\nStop #2244 Denny Way & 2nd Ave N (EB)\r\nStop #20829 Denny Way & 2nd Ave N (WB)\r\n\nGet on/off at:\r\nFor Routes 1 and 13 to Downtown Seattle, and 2 to Madrona Park:\r\nStop #2200 Queen Anne Ave N & W John St (SB)\r\nStop #2220 3rd Ave & Cedar St (SB)\r\n\nFor Routes 2 to W Queen Anne and 13 to Seattle Pacific University:\r\nStop #1690 3rd Ave & Vine St (NB)\r\nStop #2330 1st Ave N & Denny Way (NB)",
        "url": "https://tripplanner.kingcounty.gov/#/app/tripplanning"
      }
    },
    {
      "type": "Feature",
      "geometry": {
        "type": "Point",
        "coordinates": [
          -122.352615,
          47.61866
        ]
      },
      "properties": {
        "alert_id": "1_96273",
        "stop_id": "20829",
        "stop_name": "Denny Way & 2nd Ave N",
        "alert_type": "Route Change",
        "status": "upcoming",
        "header": "Routes 1, 2 and 13 will be rerouted in the Seattle Center area from 7:30 AM to 1:00 PM on Sat Oct 10 due to the Puget Sound Heart & Stroke Walk.",
        "description": "Affected stops:\r\nStop #2244 Denny Way & 2nd Ave N (EB)\r\nStop #20829 Denny Way & 2nd Ave N (WB)\r\n\nGet on/off at:\r\nFor Routes 1 and 13 to Downtown Seattle, and 2 to Madrona Park:\r\nStop #2200 Queen Anne Ave N & W John St (SB)\r\nStop #2220 3rd Ave & Cedar St (SB)\r\n\nFor Routes 2 to W Queen Anne and 13 to Seattle Pacific University:\r\nStop #1690 3rd Ave & Vine St (NB)\r\nStop #2330 1st Ave N & Denny Way (NB)",
        "url": "https://tripplanner.kingcounty.gov/#/app/tripplanning"
      }
    },
    {
      "type": "Feature",
      "geometry": {
        "type": "Point",
        "coordinates": [
          -122.351715,
          47.618515
        ]
      },
      "properties": {
        "alert_id": "1_96273",
        "stop_id": "2244",
        "stop_name": "Denny Way & 2nd Ave N",
        "alert_type": "Route Change",
        "status": "upcoming",
        "header": "Routes 1, 2 and 13 will be rerouted in the Seattle Center area from 7:30 AM to 1:00 PM on Sat Oct 10 due to the Puget Sound Heart & Stroke Walk.",
        "description": "Affected stops:\r\nStop #2244 Denny Way & 2nd Ave N (EB)\r\nStop #20829 Denny Way & 2nd Ave N (WB)\r\n\nGet on/off at:\r\nFor Routes 1 and 13 to Downtown Seattle, and 2 to Madrona Park:\r\nStop #2200 Queen Anne Ave N & W John St (SB)\r\nStop #2220 3rd Ave & Cedar St (SB)\r\n\nFor Routes 2 to W Queen Anne and 13 to Seattle Pacific University:\r\nStop #1690 3rd Ave & Vine St (NB)\r\nStop #2330 1st Ave N & Denny Way (NB)",
        "url": "https://tripplanner.kingcounty.gov/#/app/tripplanning"
      }
    },
    {
      "type": "Feature",
      "geometry": {
        "type": "Point",
        "coordinates": [
          -122.352615,
          47.61866
        ]
      },
      "properties": {
        "alert_id": "1_96273",
        "stop_id": "20829",
        "stop_name": "Denny Way & 2nd Ave N",
        "alert_type": "Route Change",
        "status": "upcoming",
        "header": "Routes 1, 2 and 13 will be rerouted in the Seattle Center area from 7:30 AM to 1:00 PM on Sat Oct 10 due to the Puget Sound Heart & Stroke Walk.",
        "description": "Affected stops:\r\nStop #2244 Denny Way & 2nd Ave N (EB)\r\nStop #20829 Denny Way & 2nd Ave N (WB)\r\n\nGet on/off at:\r\nFor Routes 1 and 13 to Downtown Seattle, and 2 to Madrona Park:\r\nStop #2200 Queen Anne Ave N & W John St (SB)\r\nStop #2220 3rd Ave & Cedar St (SB)\r\n\nFor Routes 2 to W Queen Anne and 13 to Seattle Pacific University:\r\nStop #1690 3rd Ave & Vine St (NB)\r\nStop #2330 1st Ave N & Denny Way (NB)",
        "url": "https://tripplanner.kingcounty.gov/#/app/tripplanning"
      }
    },
    {
      "type": "Feature",
      "geometry": {
        "type": "Point",
        "coordinates": [
          -122.351715,
          47.618515
        ]
      },
      "properties": {
        "alert_id": "1_96273",
        "stop_id": "2244",
        "stop_name": "Denny Way & 2nd Ave N",
        "alert_type": "Route Change",
        "status": "upcoming",
        "header": "Routes 1, 2 and 13 will be rerouted in the Seattle Center area from 7:30 AM to 1:00 PM on Sat Oct 10 due to the Puget Sound Heart & Stroke Walk.",
        "description": "Affected stops:\r\nStop #2244 Denny Way & 2nd Ave N (EB)\r\nStop #20829 Denny Way & 2nd Ave N (WB)\r\n\nGet on/off at:\r\nFor Routes 1 and 13 to Downtown Seattle, and 2 to Madrona Park:\r\nStop #2200 Queen Anne Ave N & W John St (SB)\r\nStop #2220 3rd Ave & Cedar St (SB)\r\n\nFor Routes 2 to W Queen Anne and 13 to Seattle Pacific University:\r\nStop #1690 3rd Ave & Vine St (NB)\r\nStop #2330 1st Ave N & Denny Way (NB)",
        "url": "https://tripplanner.kingcounty.gov/#/app/tripplanning"
      }
    },
    {
      "type": "Feature",
      "geometry": {
        "type": "Point",
        "coordinates": [
          -122.211708,
          47.4509659
        ]
      },
      "properties": {
        "alert_id": "1_95978",
        "stop_id": "59951",
        "stop_name": "Talbot Rd S & S 32nd St",
        "alert_type": "Stop Relocation",
        "status": "ongoing",
        "header": "Stop #59951 Talbot Rd S & S 32nd St (SB) and Stop #60359 Talbot Rd S & S 32nd St (NB) relocated through Thu Dec 10 due to bus stop maintenance work.",
        "description": "Affected routes:\r\n160\r\n\nFor Route 160 to Auburn Station get on/off at:\r\nThe temporary stop on Talbot Rd S just north of the closed stop (SB)\r\n\nFor Route 160 to Renton get on/off at:\r\nThe temporary stop on Talbot Rd S just south of the closed stop (NB)",
        "url": "https://tripplanner.kingcounty.gov/#/app/nextdepartures/routeheadway/full/160/S/"
      }
    },
    {
      "type": "Feature",
      "geometry": {
        "type": "Point",
        "coordinates": [
          -122.211533,
          47.4510269
        ]
      },
      "properties": {
        "alert_id": "1_95978",
        "stop_id": "60359",
        "stop_name": "Talbot Rd S & S 32nd St",
        "alert_type": "Stop Relocation",
        "status": "ongoing",
        "header": "Stop #59951 Talbot Rd S & S 32nd St (SB) and Stop #60359 Talbot Rd S & S 32nd St (NB) relocated through Thu Dec 10 due to bus stop maintenance work.",
        "description": "Affected routes:\r\n160\r\n\nFor Route 160 to Auburn Station get on/off at:\r\nThe temporary stop on Talbot Rd S just north of the closed stop (SB)\r\n\nFor Route 160 to Renton get on/off at:\r\nThe temporary stop on Talbot Rd S just south of the closed stop (NB)",
        "url": "https://tripplanner.kingcounty.gov/#/app/nextdepartures/routeheadway/full/160/S/"
      }
    },
    {
      "type": "Feature",
      "geometry": {
        "type": "Point",
        "coordinates": [
          -122.201805,
          47.6675911
        ]
      },
      "properties": {
        "alert_id": "1_94401",
        "stop_id": "72180",
        "stop_name": "State St S & 10th Ave S",
        "alert_type": "Stop Relocation",
        "status": "ongoing",
        "header": "Stop #72180 State St S & 10th Ave S (NB) relocated beginning Tue Sep 8 until further notice due to construction.",
        "description": "Affected routes:\r\n250\r\n\nGet on/off at:\r\nStop #69485 Lakeview Dr NE & NE 64th St (NB)\r\nThe temporary stop on State St S, just north of the closed stop (NB)\r\nStop #72190 State St & 7th Ave S (NB)",
        "url": "https://tripplanner.kingcounty.gov/#/app/nextdepartures/stoproutes/7431"
      }
    },
    {
      "type": "Feature",
      "geometry": {
        "type": "Point",
        "coordinates": [
          -122.19101,
          47.7679176
        ]
      },
      "properties": {
        "alert_id": "1_96304",
        "stop_id": "76228",
        "stop_name": "Beardslee Blvd & NE 195th St",
        "alert_type": "Route Change",
        "status": "ongoing",
        "header": "ST 522 to Woodinville is rerouted off I-405 between Beardslee Blvd and SR-522 from Wed Oct 7 to Sat Oct 10 10:00 PM to 4:00 AM nightly due to construction.",
        "description": "Affected stops:\r\nStop #76228 Beardslee Blvd & NE 195th St (NB)\r\n\nGet on/off at:\r\nStop #76305 UW Bothell & Cascadia College (EB)",
        "url": "https://tripplanner.kingcounty.gov/#/app/nextdepartures/routeheadway/full/522/N/"
      }
    },
    {
      "type": "Feature",
      "geometry": {
        "type": "Point",
        "coordinates": [
          -122.209496,
          47.3868561
        ]
      },
      "properties": {
        "alert_id": "1_96305",
        "stop_id": "57120",
        "stop_name": "S 240th St & 98th Ave S",
        "alert_type": "Stop Closure",
        "status": "upcoming",
        "header": "Stop #57120 S 240th St & 98th Ave S (EB) and Stop #57434 SE 240th St & 102nd Ave SE (WB) closed from 8:00 AM to 4:00 PM on Sat Oct 10 due to construction.",
        "description": "Affected routes:\r\n164\r\nDART 914\r\n\nGet on/off at:\r\nFor Route 164 to Green River College:\r\nStop #57110 S 240th St & 94th Ave S (EB)\r\nStop #57126 SE 240th St & 102nd Ave SE (EB)\r\n\nFor Route 164 to Kent Des Moines Station:\r\nStop #57429 SE 240th St & 104th Ave SE (WB)\r\nStop #57440 S 240th St & 98th Ave S (WB)\r\n\nFor Dart 914 to East Hill / SE Kent:\r\nStop #57213 98th Ave S & S 246th Pl (NB)\r\nStop #57126 SE 240th St & 102nd Ave SE (EB)",
        "url": "https://tripplanner.kingcounty.gov/#/app/tripplanning"
      }
    },
    {
      "type": "Feature",
      "geometry": {
        "type": "Point",
        "coordinates": [
          -122.205414,
          47.3870201
        ]
      },
      "properties": {
        "alert_id": "1_96305",
        "stop_id": "57434",
        "stop_name": "SE 240th St & 102nd Ave SE",
        "alert_type": "Stop Closure",
        "status": "upcoming",
        "header": "Stop #57120 S 240th St & 98th Ave S (EB) and Stop #57434 SE 240th St & 102nd Ave SE (WB) closed from 8:00 AM to 4:00 PM on Sat Oct 10 due to construction.",
        "description": "Affected routes:\r\n164\r\nDART 914\r\n\nGet on/off at:\r\nFor Route 164 to Green River College:\r\nStop #57110 S 240th St & 94th Ave S (EB)\r\nStop #57126 SE 240th St & 102nd Ave SE (EB)\r\n\nFor Route 164 to Kent Des Moines Station:\r\nStop #57429 SE 240th St & 104th Ave SE (WB)\r\nStop #57440 S 240th St & 98th Ave S (WB)\r\n\nFor Dart 914 to East Hill / SE Kent:\r\nStop #57213 98th Ave S & S 246th Pl (NB)\r\nStop #57126 SE 240th St & 102nd Ave SE (EB)",
        "url": "https://tripplanner.kingcounty.gov/#/app/tripplanning"
      }
    },
    {
      "type": "Feature",
      "geometry": {
        "type": "Point",
        "coordinates": [
          -122.209496,
          47.3868561
        ]
      },
      "properties": {
        "alert_id": "1_96305",
        "stop_id": "57120",
        "stop_name": "S 240th St & 98th Ave S",
        "alert_type": "Stop Closure",
        "status": "upcoming",
        "header": "Stop #57120 S 240th St & 98th Ave S (EB) and Stop #57434 SE 240th St & 102nd Ave SE (WB) closed from 8:00 AM to 4:00 PM on Sat Oct 10 due to construction.",
        "description": "Affected routes:\r\n164\r\nDART 914\r\n\nGet on/off at:\r\nFor Route 164 to Green River College:\r\nStop #57110 S 240th St & 94th Ave S (EB)\r\nStop #57126 SE 240th St & 102nd Ave SE (EB)\r\n\nFor Route 164 to Kent Des Moines Station:\r\nStop #57429 SE 240th St & 104th Ave SE (WB)\r\nStop #57440 S 240th St & 98th Ave S (WB)\r\n\nFor Dart 914 to East Hill / SE Kent:\r\nStop #57213 98th Ave S & S 246th Pl (NB)\r\nStop #57126 SE 240th St & 102nd Ave SE (EB)",
        "url": "https://tripplanner.kingcounty.gov/#/app/tripplanning"
      }
    },
    {
      "type": "Feature",
      "geometry": {
        "type": "Point",
        "coordinates": [
          -122.202103,
          47.3913116
        ]
      },
      "properties": {
        "alert_id": "1_95976",
        "stop_id": "57140",
        "stop_name": "104th Ave SE & SE 235th St",
        "alert_type": "Stop Relocation",
        "status": "ongoing",
        "header": "Stop #57140 104th Ave SE & SE 235th St (NB) relocated through Thu Dec 10 due to construction.",
        "description": "Affected routes:\r\n160\r\n\nGet on/off at:\r\nThe temporary stop on 104th Ave SE just north of SE 234th Pl (NB)\r\nStop #57130 104th Ave SE & SE 240th St (NB)\r\n",
        "url": "https://tripplanner.kingcounty.gov/#/app/nextdepartures/stoproutes/3491"
      }
    },
    {
      "type": "Feature",
      "geometry": {
        "type": "Point",
        "coordinates": [
          -122.20224,
          47.3799477
        ]
      },
      "properties": {
        "alert_id": "1_95970",
        "stop_id": "57162",
        "stop_name": "104th Ave SE & SE 248th St",
        "alert_type": "Stop Relocation",
        "status": "ongoing",
        "header": "Stop #57407 104th Ave SE & SE 248th St (SB) and Stop #57162 104th Ave SE & SE 248th St (NB) relocated through Thu Dec 10 due to bus stop maintenance work.",
        "description": "Affected routes:\r\n160\r\n\nFor Route 160 to Auburn Station get on/off at:\r\nThe temporary stop on 104th Ave SE just south of the closed stop (SB)\r\n\nFor Route 160 to Renton get on/off at:\r\nThe temporary stop on 104th Ave SE just north of the closed stop (NB)",
        "url": "https://tripplanner.kingcounty.gov/#/app/nextdepartures/routeheadway/full/160/N/"
      }
    },
    {
      "type": "Feature",
      "geometry": {
        "type": "Point",
        "coordinates": [
          -122.202446,
          47.3793526
        ]
      },
      "properties": {
        "alert_id": "1_95970",
        "stop_id": "57407",
        "stop_name": "104th Ave SE & SE 248th St",
        "alert_type": "Stop Relocation",
        "status": "ongoing",
        "header": "Stop #57407 104th Ave SE & SE 248th St (SB) and Stop #57162 104th Ave SE & SE 248th St (NB) relocated through Thu Dec 10 due to bus stop maintenance work.",
        "description": "Affected routes:\r\n160\r\n\nFor Route 160 to Auburn Station get on/off at:\r\nThe temporary stop on 104th Ave SE just south of the closed stop (SB)\r\n\nFor Route 160 to Renton get on/off at:\r\nThe temporary stop on 104th Ave SE just north of the closed stop (NB)",
        "url": "https://tripplanner.kingcounty.gov/#/app/nextdepartures/routeheadway/full/160/N/"
      }
    },
    {
      "type": "Feature",
      "geometry": {
        "type": "Point",
        "coordinates": [
          -122.336456,
          47.6117668
        ]
      },
      "properties": {
        "alert_id": "1_96267",
        "stop_id": "1110",
        "stop_name": "Pine St & 5th Ave",
        "alert_type": "Route Change",
        "status": "upcoming",
        "header": "Routes 10, 11 and 12 will be rerouted in the Downtown Seattle area from 7:30 AM to 1:00 PM on Sat Oct 10 due to the Puget Sound Heart & Stroke Walk.",
        "description": "Affected stops:\r\nStop #1110 Pine St & 5th Ave (WB)\r\nStop #1120 Pine St & 4th Ave (WB)\r\nStop #1180 Pike St & 4th Ave (EB)\r\nStop #1190 Pike St & 6th Ave (EB)\r\n\nGet on/off at:\r\nFor Routes 10 to Capitol Hill, 11 to Madison Park, and 12 to Interlaken Park:\r\nStop #1085 Pine St & 9th Ave (WB)\r\nStop #1195 Pike St & 7th Ave (EB)",
        "url": "https://tripplanner.kingcounty.gov/#/app/tripplanning"
      }
    },
    {
      "type": "Feature",
      "geometry": {
        "type": "Point",
        "coordinates": [
          -122.334526,
          47.6110344
        ]
      },
      "properties": {
        "alert_id": "1_96267",
        "stop_id": "1190",
        "stop_name": "Pike St & 6th Ave",
        "alert_type": "Route Change",
        "status": "upcoming",
        "header": "Routes 10, 11 and 12 will be rerouted in the Downtown Seattle area from 7:30 AM to 1:00 PM on Sat Oct 10 due to the Puget Sound Heart & Stroke Walk.",
        "description": "Affected stops:\r\nStop #1110 Pine St & 5th Ave (WB)\r\nStop #1120 Pine St & 4th Ave (WB)\r\nStop #1180 Pike St & 4th Ave (EB)\r\nStop #1190 Pike St & 6th Ave (EB)\r\n\nGet on/off at:\r\nFor Routes 10 to Capitol Hill, 11 to Madison Park, and 12 to Interlaken Park:\r\nStop #1085 Pine St & 9th Ave (WB)\r\nStop #1195 Pike St & 7th Ave (EB)",
        "url": "https://tripplanner.kingcounty.gov/#/app/tripplanning"
      }
    },
    {
      "type": "Feature",
      "geometry": {
        "type": "Point",
        "coordinates": [
          -122.336838,
          47.6100731
        ]
      },
      "properties": {
        "alert_id": "1_96267",
        "stop_id": "1180",
        "stop_name": "Pike St & 4th Ave",
        "alert_type": "Route Change",
        "status": "upcoming",
        "header": "Routes 10, 11 and 12 will be rerouted in the Downtown Seattle area from 7:30 AM to 1:00 PM on Sat Oct 10 due to the Puget Sound Heart & Stroke Walk.",
        "description": "Affected stops:\r\nStop #1110 Pine St & 5th Ave (WB)\r\nStop #1120 Pine St & 4th Ave (WB)\r\nStop #1180 Pike St & 4th Ave (EB)\r\nStop #1190 Pike St & 6th Ave (EB)\r\n\nGet on/off at:\r\nFor Routes 10 to Capitol Hill, 11 to Madison Park, and 12 to Interlaken Park:\r\nStop #1085 Pine St & 9th Ave (WB)\r\nStop #1195 Pike St & 7th Ave (EB)",
        "url": "https://tripplanner.kingcounty.gov/#/app/tripplanning"
      }
    },
    {
      "type": "Feature",
      "geometry": {
        "type": "Point",
        "coordinates": [
          -122.336838,
          47.6100731
        ]
      },
      "properties": {
        "alert_id": "1_96267",
        "stop_id": "1180",
        "stop_name": "Pike St & 4th Ave",
        "alert_type": "Route Change",
        "status": "upcoming",
        "header": "Routes 10, 11 and 12 will be rerouted in the Downtown Seattle area from 7:30 AM to 1:00 PM on Sat Oct 10 due to the Puget Sound Heart & Stroke Walk.",
        "description": "Affected stops:\r\nStop #1110 Pine St & 5th Ave (WB)\r\nStop #1120 Pine St & 4th Ave (WB)\r\nStop #1180 Pike St & 4th Ave (EB)\r\nStop #1190 Pike St & 6th Ave (EB)\r\n\nGet on/off at:\r\nFor Routes 10 to Capitol Hill, 11 to Madison Park, and 12 to Interlaken Park:\r\nStop #1085 Pine St & 9th Ave (WB)\r\nStop #1195 Pike St & 7th Ave (EB)",
        "url": "https://tripplanner.kingcounty.gov/#/app/tripplanning"
      }
    },
    {
      "type": "Feature",
      "geometry": {
        "type": "Point",
        "coordinates": [
          -122.338028,
          47.6111031
        ]
      },
      "properties": {
        "alert_id": "1_96267",
        "stop_id": "1120",
        "stop_name": "Pine St & 4th Ave",
        "alert_type": "Route Change",
        "status": "upcoming",
        "header": "Routes 10, 11 and 12 will be rerouted in the Downtown Seattle area from 7:30 AM to 1:00 PM on Sat Oct 10 due to the Puget Sound Heart & Stroke Walk.",
        "description": "Affected stops:\r\nStop #1110 Pine St & 5th Ave (WB)\r\nStop #1120 Pine St & 4th Ave (WB)\r\nStop #1180 Pike St & 4th Ave (EB)\r\nStop #1190 Pike St & 6th Ave (EB)\r\n\nGet on/off at:\r\nFor Routes 10 to Capitol Hill, 11 to Madison Park, and 12 to Interlaken Park:\r\nStop #1085 Pine St & 9th Ave (WB)\r\nStop #1195 Pike St & 7th Ave (EB)",
        "url": "https://tripplanner.kingcounty.gov/#/app/tripplanning"
      }
    },
    {
      "type": "Feature",
      "geometry": {
        "type": "Point",
        "coordinates": [
          -122.336456,
          47.6117668
        ]
      },
      "properties": {
        "alert_id": "1_96267",
        "stop_id": "1110",
        "stop_name": "Pine St & 5th Ave",
        "alert_type": "Route Change",
        "status": "upcoming",
        "header": "Routes 10, 11 and 12 will be rerouted in the Downtown Seattle area from 7:30 AM to 1:00 PM on Sat Oct 10 due to the Puget Sound Heart & Stroke Walk.",
        "description": "Affected stops:\r\nStop #1110 Pine St & 5th Ave (WB)\r\nStop #1120 Pine St & 4th Ave (WB)\r\nStop #1180 Pike St & 4th Ave (EB)\r\nStop #1190 Pike St & 6th Ave (EB)\r\n\nGet on/off at:\r\nFor Routes 10 to Capitol Hill, 11 to Madison Park, and 12 to Interlaken Park:\r\nStop #1085 Pine St & 9th Ave (WB)\r\nStop #1195 Pike St & 7th Ave (EB)",
        "url": "https://tripplanner.kingcounty.gov/#/app/tripplanning"
      }
    },
    {
      "type": "Feature",
      "geometry": {
        "type": "Point",
        "coordinates": [
          -122.334526,
          47.6110344
        ]
      },
      "properties": {
        "alert_id": "1_96267",
        "stop_id": "1190",
        "stop_name": "Pike St & 6th Ave",
        "alert_type": "Route Change",
        "status": "upcoming",
        "header": "Routes 10, 11 and 12 will be rerouted in the Downtown Seattle area from 7:30 AM to 1:00 PM on Sat Oct 10 due to the Puget Sound Heart & Stroke Walk.",
        "description": "Affected stops:\r\nStop #1110 Pine St & 5th Ave (WB)\r\nStop #1120 Pine St & 4th Ave (WB)\r\nStop #1180 Pike St & 4th Ave (EB)\r\nStop #1190 Pike St & 6th Ave (EB)\r\n\nGet on/off at:\r\nFor Routes 10 to Capitol Hill, 11 to Madison Park, and 12 to Interlaken Park:\r\nStop #1085 Pine St & 9th Ave (WB)\r\nStop #1195 Pike St & 7th Ave (EB)",
        "url": "https://tripplanner.kingcounty.gov/#/app/tripplanning"
      }
    },
    {
      "type": "Feature",
      "geometry": {
        "type": "Point",
        "coordinates": [
          -122.336456,
          47.6117668
        ]
      },
      "properties": {
        "alert_id": "1_96267",
        "stop_id": "1110",
        "stop_name": "Pine St & 5th Ave",
        "alert_type": "Route Change",
        "status": "upcoming",
        "header": "Routes 10, 11 and 12 will be rerouted in the Downtown Seattle area from 7:30 AM to 1:00 PM on Sat Oct 10 due to the Puget Sound Heart & Stroke Walk.",
        "description": "Affected stops:\r\nStop #1110 Pine St & 5th Ave (WB)\r\nStop #1120 Pine St & 4th Ave (WB)\r\nStop #1180 Pike St & 4th Ave (EB)\r\nStop #1190 Pike St & 6th Ave (EB)\r\n\nGet on/off at:\r\nFor Routes 10 to Capitol Hill, 11 to Madison Park, and 12 to Interlaken Park:\r\nStop #1085 Pine St & 9th Ave (WB)\r\nStop #1195 Pike St & 7th Ave (EB)",
        "url": "https://tripplanner.kingcounty.gov/#/app/tripplanning"
      }
    },
    {
      "type": "Feature",
      "geometry": {
        "type": "Point",
        "coordinates": [
          -122.334526,
          47.6110344
        ]
      },
      "properties": {
        "alert_id": "1_96267",
        "stop_id": "1190",
        "stop_name": "Pike St & 6th Ave",
        "alert_type": "Route Change",
        "status": "upcoming",
        "header": "Routes 10, 11 and 12 will be rerouted in the Downtown Seattle area from 7:30 AM to 1:00 PM on Sat Oct 10 due to the Puget Sound Heart & Stroke Walk.",
        "description": "Affected stops:\r\nStop #1110 Pine St & 5th Ave (WB)\r\nStop #1120 Pine St & 4th Ave (WB)\r\nStop #1180 Pike St & 4th Ave (EB)\r\nStop #1190 Pike St & 6th Ave (EB)\r\n\nGet on/off at:\r\nFor Routes 10 to Capitol Hill, 11 to Madison Park, and 12 to Interlaken Park:\r\nStop #1085 Pine St & 9th Ave (WB)\r\nStop #1195 Pike St & 7th Ave (EB)",
        "url": "https://tripplanner.kingcounty.gov/#/app/tripplanning"
      }
    },
    {
      "type": "Feature",
      "geometry": {
        "type": "Point",
        "coordinates": [
          -122.338028,
          47.6111031
        ]
      },
      "properties": {
        "alert_id": "1_96267",
        "stop_id": "1120",
        "stop_name": "Pine St & 4th Ave",
        "alert_type": "Route Change",
        "status": "upcoming",
        "header": "Routes 10, 11 and 12 will be rerouted in the Downtown Seattle area from 7:30 AM to 1:00 PM on Sat Oct 10 due to the Puget Sound Heart & Stroke Walk.",
        "description": "Affected stops:\r\nStop #1110 Pine St & 5th Ave (WB)\r\nStop #1120 Pine St & 4th Ave (WB)\r\nStop #1180 Pike St & 4th Ave (EB)\r\nStop #1190 Pike St & 6th Ave (EB)\r\n\nGet on/off at:\r\nFor Routes 10 to Capitol Hill, 11 to Madison Park, and 12 to Interlaken Park:\r\nStop #1085 Pine St & 9th Ave (WB)\r\nStop #1195 Pike St & 7th Ave (EB)",
        "url": "https://tripplanner.kingcounty.gov/#/app/tripplanning"
      }
    },
    {
      "type": "Feature",
      "geometry": {
        "type": "Point",
        "coordinates": [
          -122.338028,
          47.6111031
        ]
      },
      "properties": {
        "alert_id": "1_96267",
        "stop_id": "1120",
        "stop_name": "Pine St & 4th Ave",
        "alert_type": "Route Change",
        "status": "upcoming",
        "header": "Routes 10, 11 and 12 will be rerouted in the Downtown Seattle area from 7:30 AM to 1:00 PM on Sat Oct 10 due to the Puget Sound Heart & Stroke Walk.",
        "description": "Affected stops:\r\nStop #1110 Pine St & 5th Ave (WB)\r\nStop #1120 Pine St & 4th Ave (WB)\r\nStop #1180 Pike St & 4th Ave (EB)\r\nStop #1190 Pike St & 6th Ave (EB)\r\n\nGet on/off at:\r\nFor Routes 10 to Capitol Hill, 11 to Madison Park, and 12 to Interlaken Park:\r\nStop #1085 Pine St & 9th Ave (WB)\r\nStop #1195 Pike St & 7th Ave (EB)",
        "url": "https://tripplanner.kingcounty.gov/#/app/tripplanning"
      }
    },
    {
      "type": "Feature",
      "geometry": {
        "type": "Point",
        "coordinates": [
          -122.336838,
          47.6100731
        ]
      },
      "properties": {
        "alert_id": "1_96267",
        "stop_id": "1180",
        "stop_name": "Pike St & 4th Ave",
        "alert_type": "Route Change",
        "status": "upcoming",
        "header": "Routes 10, 11 and 12 will be rerouted in the Downtown Seattle area from 7:30 AM to 1:00 PM on Sat Oct 10 due to the Puget Sound Heart & Stroke Walk.",
        "description": "Affected stops:\r\nStop #1110 Pine St & 5th Ave (WB)\r\nStop #1120 Pine St & 4th Ave (WB)\r\nStop #1180 Pike St & 4th Ave (EB)\r\nStop #1190 Pike St & 6th Ave (EB)\r\n\nGet on/off at:\r\nFor Routes 10 to Capitol Hill, 11 to Madison Park, and 12 to Interlaken Park:\r\nStop #1085 Pine St & 9th Ave (WB)\r\nStop #1195 Pike St & 7th Ave (EB)",
        "url": "https://tripplanner.kingcounty.gov/#/app/tripplanning"
      }
    },
    {
      "type": "Feature",
      "geometry": {
        "type": "Point",
        "coordinates": [
          -122.314995,
          47.5269203
        ]
      },
      "properties": {
        "alert_id": "1_96388",
        "stop_id": "31670",
        "stop_name": "14th Ave S & S Cloverdale St",
        "alert_type": "Route Change",
        "status": "ongoing",
        "header": "Route 60 will be rerouted in the Georgetown area from Thu Oct 8 to Fri Oct 9 9:00 AM to 3:00 PM daily due to construction.",
        "description": "Affected stops:\r\nStop #32120 S Cloverdale St & 8th Ave S (EB)\r\nStop #32140 S Cloverdale St & 12th Ave S (EB)\r\nStop #32150 14th Ave S & S Cloverdale St (NB)\r\nStop #32160 16th Ave S & East Marginal Way S (NB)\r\nStop #79561 East Marginal Way S & 14th Ave S (NB)\r\nStop #45740 East Marginal Way S & Ellis Ave S (NB)\r\nStop #45751 East Marginal Way S & Corson Ave S (NB)\r\nStop #79569 East Marginal Way S & S Webster St (SB)\r\nStop #31660 16th Ave S & East Marginal Way S (SB)\r\nStop #31670 14th Ave S & S Cloverdale St (SB)\r\nStop #31680 S Cloverdale St & 12th Ave S (WB)\r\n\nGet on/off at:\r\nFor Route 60 to Broadway get on/off at:\r\nStop #32100 S Cloverdale St & 5th Ave S (EB)\r\nStop #49730 8th Ave S & S Cloverdale St (NB)\r\nStop #40871 Corson Ave S & S Willow St (NB)\r\n\nFor Route 60 to Westwood Village get on/off at:\r\nStop #46025 Ellis Ave S & S Myrtle St (SB)\r\nStop #31700 S Cloverdale St & 8th Ave S (WB)",
        "url": "https://tripplanner.kingcounty.gov/#/app/nextdepartures/routeheadway/full/60/N/"
      }
    },
    {
      "type": "Feature",
      "geometry": {
        "type": "Point",
        "coordinates": [
          -122.323288,
          47.5403595
        ]
      },
      "properties": {
        "alert_id": "1_96388",
        "stop_id": "45751",
        "stop_name": "East Marginal Way S & Corson Ave S",
        "alert_type": "Route Change",
        "status": "ongoing",
        "header": "Route 60 will be rerouted in the Georgetown area from Thu Oct 8 to Fri Oct 9 9:00 AM to 3:00 PM daily due to construction.",
        "description": "Affected stops:\r\nStop #32120 S Cloverdale St & 8th Ave S (EB)\r\nStop #32140 S Cloverdale St & 12th Ave S (EB)\r\nStop #32150 14th Ave S & S Cloverdale St (NB)\r\nStop #32160 16th Ave S & East Marginal Way S (NB)\r\nStop #79561 East Marginal Way S & 14th Ave S (NB)\r\nStop #45740 East Marginal Way S & Ellis Ave S (NB)\r\nStop #45751 East Marginal Way S & Corson Ave S (NB)\r\nStop #79569 East Marginal Way S & S Webster St (SB)\r\nStop #31660 16th Ave S & East Marginal Way S (SB)\r\nStop #31670 14th Ave S & S Cloverdale St (SB)\r\nStop #31680 S Cloverdale St & 12th Ave S (WB)\r\n\nGet on/off at:\r\nFor Route 60 to Broadway get on/off at:\r\nStop #32100 S Cloverdale St & 5th Ave S (EB)\r\nStop #49730 8th Ave S & S Cloverdale St (NB)\r\nStop #40871 Corson Ave S & S Willow St (NB)\r\n\nFor Route 60 to Westwood Village get on/off at:\r\nStop #46025 Ellis Ave S & S Myrtle St (SB)\r\nStop #31700 S Cloverdale St & 8th Ave S (WB)",
        "url": "https://tripplanner.kingcounty.gov/#/app/nextdepartures/routeheadway/full/60/N/"
      }
    },
    {
      "type": "Feature",
      "geometry": {
        "type": "Point",
        "coordinates": [
          -122.322319,
          47.5263977
        ]
      },
      "properties": {
        "alert_id": "1_96388",
        "stop_id": "32120",
        "stop_name": "S Cloverdale St & 8th Ave S",
        "alert_type": "Route Change",
        "status": "ongoing",
        "header": "Route 60 will be rerouted in the Georgetown area from Thu Oct 8 to Fri Oct 9 9:00 AM to 3:00 PM daily due to construction.",
        "description": "Affected stops:\r\nStop #32120 S Cloverdale St & 8th Ave S (EB)\r\nStop #32140 S Cloverdale St & 12th Ave S (EB)\r\nStop #32150 14th Ave S & S Cloverdale St (NB)\r\nStop #32160 16th Ave S & East Marginal Way S (NB)\r\nStop #79561 East Marginal Way S & 14th Ave S (NB)\r\nStop #45740 East Marginal Way S & Ellis Ave S (NB)\r\nStop #45751 East Marginal Way S & Corson Ave S (NB)\r\nStop #79569 East Marginal Way S & S Webster St (SB)\r\nStop #31660 16th Ave S & East Marginal Way S (SB)\r\nStop #31670 14th Ave S & S Cloverdale St (SB)\r\nStop #31680 S Cloverdale St & 12th Ave S (WB)\r\n\nGet on/off at:\r\nFor Route 60 to Broadway get on/off at:\r\nStop #32100 S Cloverdale St & 5th Ave S (EB)\r\nStop #49730 8th Ave S & S Cloverdale St (NB)\r\nStop #40871 Corson Ave S & S Willow St (NB)\r\n\nFor Route 60 to Westwood Village get on/off at:\r\nStop #46025 Ellis Ave S & S Myrtle St (SB)\r\nStop #31700 S Cloverdale St & 8th Ave S (WB)",
        "url": "https://tripplanner.kingcounty.gov/#/app/nextdepartures/routeheadway/full/60/N/"
      }
    },
    {
      "type": "Feature",
      "geometry": {
        "type": "Point",
        "coordinates": [
          -122.315598,
          47.5356293
        ]
      },
      "properties": {
        "alert_id": "1_96388",
        "stop_id": "79569",
        "stop_name": "East Marginal Way S & S Webster St",
        "alert_type": "Route Change",
        "status": "ongoing",
        "header": "Route 60 will be rerouted in the Georgetown area from Thu Oct 8 to Fri Oct 9 9:00 AM to 3:00 PM daily due to construction.",
        "description": "Affected stops:\r\nStop #32120 S Cloverdale St & 8th Ave S (EB)\r\nStop #32140 S Cloverdale St & 12th Ave S (EB)\r\nStop #32150 14th Ave S & S Cloverdale St (NB)\r\nStop #32160 16th Ave S & East Marginal Way S (NB)\r\nStop #79561 East Marginal Way S & 14th Ave S (NB)\r\nStop #45740 East Marginal Way S & Ellis Ave S (NB)\r\nStop #45751 East Marginal Way S & Corson Ave S (NB)\r\nStop #79569 East Marginal Way S & S Webster St (SB)\r\nStop #31660 16th Ave S & East Marginal Way S (SB)\r\nStop #31670 14th Ave S & S Cloverdale St (SB)\r\nStop #31680 S Cloverdale St & 12th Ave S (WB)\r\n\nGet on/off at:\r\nFor Route 60 to Broadway get on/off at:\r\nStop #32100 S Cloverdale St & 5th Ave S (EB)\r\nStop #49730 8th Ave S & S Cloverdale St (NB)\r\nStop #40871 Corson Ave S & S Willow St (NB)\r\n\nFor Route 60 to Westwood Village get on/off at:\r\nStop #46025 Ellis Ave S & S Myrtle St (SB)\r\nStop #31700 S Cloverdale St & 8th Ave S (WB)",
        "url": "https://tripplanner.kingcounty.gov/#/app/nextdepartures/routeheadway/full/60/N/"
      }
    },
    {
      "type": "Feature",
      "geometry": {
        "type": "Point",
        "coordinates": [
          -122.314789,
          47.5267906
        ]
      },
      "properties": {
        "alert_id": "1_96388",
        "stop_id": "32150",
        "stop_name": "14th Ave S & S Cloverdale St",
        "alert_type": "Route Change",
        "status": "ongoing",
        "header": "Route 60 will be rerouted in the Georgetown area from Thu Oct 8 to Fri Oct 9 9:00 AM to 3:00 PM daily due to construction.",
        "description": "Affected stops:\r\nStop #32120 S Cloverdale St & 8th Ave S (EB)\r\nStop #32140 S Cloverdale St & 12th Ave S (EB)\r\nStop #32150 14th Ave S & S Cloverdale St (NB)\r\nStop #32160 16th Ave S & East Marginal Way S (NB)\r\nStop #79561 East Marginal Way S & 14th Ave S (NB)\r\nStop #45740 East Marginal Way S & Ellis Ave S (NB)\r\nStop #45751 East Marginal Way S & Corson Ave S (NB)\r\nStop #79569 East Marginal Way S & S Webster St (SB)\r\nStop #31660 16th Ave S & East Marginal Way S (SB)\r\nStop #31670 14th Ave S & S Cloverdale St (SB)\r\nStop #31680 S Cloverdale St & 12th Ave S (WB)\r\n\nGet on/off at:\r\nFor Route 60 to Broadway get on/off at:\r\nStop #32100 S Cloverdale St & 5th Ave S (EB)\r\nStop #49730 8th Ave S & S Cloverdale St (NB)\r\nStop #40871 Corson Ave S & S Willow St (NB)\r\n\nFor Route 60 to Westwood Village get on/off at:\r\nStop #46025 Ellis Ave S & S Myrtle St (SB)\r\nStop #31700 S Cloverdale St & 8th Ave S (WB)",
        "url": "https://tripplanner.kingcounty.gov/#/app/nextdepartures/routeheadway/full/60/N/"
      }
    },
    {
      "type": "Feature",
      "geometry": {
        "type": "Point",
        "coordinates": [
          -122.313164,
          47.5326233
        ]
      },
      "properties": {
        "alert_id": "1_96388",
        "stop_id": "32160",
        "stop_name": "16th Ave S & East Marginal Way S",
        "alert_type": "Route Change",
        "status": "ongoing",
        "header": "Route 60 will be rerouted in the Georgetown area from Thu Oct 8 to Fri Oct 9 9:00 AM to 3:00 PM daily due to construction.",
        "description": "Affected stops:\r\nStop #32120 S Cloverdale St & 8th Ave S (EB)\r\nStop #32140 S Cloverdale St & 12th Ave S (EB)\r\nStop #32150 14th Ave S & S Cloverdale St (NB)\r\nStop #32160 16th Ave S & East Marginal Way S (NB)\r\nStop #79561 East Marginal Way S & 14th Ave S (NB)\r\nStop #45740 East Marginal Way S & Ellis Ave S (NB)\r\nStop #45751 East Marginal Way S & Corson Ave S (NB)\r\nStop #79569 East Marginal Way S & S Webster St (SB)\r\nStop #31660 16th Ave S & East Marginal Way S (SB)\r\nStop #31670 14th Ave S & S Cloverdale St (SB)\r\nStop #31680 S Cloverdale St & 12th Ave S (WB)\r\n\nGet on/off at:\r\nFor Route 60 to Broadway get on/off at:\r\nStop #32100 S Cloverdale St & 5th Ave S (EB)\r\nStop #49730 8th Ave S & S Cloverdale St (NB)\r\nStop #40871 Corson Ave S & S Willow St (NB)\r\n\nFor Route 60 to Westwood Village get on/off at:\r\nStop #46025 Ellis Ave S & S Myrtle St (SB)\r\nStop #31700 S Cloverdale St & 8th Ave S (WB)",
        "url": "https://tripplanner.kingcounty.gov/#/app/nextdepartures/routeheadway/full/60/N/"
      }
    },
    {
      "type": "Feature",
      "geometry": {
        "type": "Point",
        "coordinates": [
          -122.317169,
          47.5263748
        ]
      },
      "properties": {
        "alert_id": "1_96388",
        "stop_id": "32140",
        "stop_name": "S Cloverdale St & 12th Ave S",
        "alert_type": "Route Change",
        "status": "ongoing",
        "header": "Route 60 will be rerouted in the Georgetown area from Thu Oct 8 to Fri Oct 9 9:00 AM to 3:00 PM daily due to construction.",
        "description": "Affected stops:\r\nStop #32120 S Cloverdale St & 8th Ave S (EB)\r\nStop #32140 S Cloverdale St & 12th Ave S (EB)\r\nStop #32150 14th Ave S & S Cloverdale St (NB)\r\nStop #32160 16th Ave S & East Marginal Way S (NB)\r\nStop #79561 East Marginal Way S & 14th Ave S (NB)\r\nStop #45740 East Marginal Way S & Ellis Ave S (NB)\r\nStop #45751 East Marginal Way S & Corson Ave S (NB)\r\nStop #79569 East Marginal Way S & S Webster St (SB)\r\nStop #31660 16th Ave S & East Marginal Way S (SB)\r\nStop #31670 14th Ave S & S Cloverdale St (SB)\r\nStop #31680 S Cloverdale St & 12th Ave S (WB)\r\n\nGet on/off at:\r\nFor Route 60 to Broadway get on/off at:\r\nStop #32100 S Cloverdale St & 5th Ave S (EB)\r\nStop #49730 8th Ave S & S Cloverdale St (NB)\r\nStop #40871 Corson Ave S & S Willow St (NB)\r\n\nFor Route 60 to Westwood Village get on/off at:\r\nStop #46025 Ellis Ave S & S Myrtle St (SB)\r\nStop #31700 S Cloverdale St & 8th Ave S (WB)",
        "url": "https://tripplanner.kingcounty.gov/#/app/nextdepartures/routeheadway/full/60/N/"
      }
    },
    {
      "type": "Feature",
      "geometry": {
        "type": "Point",
        "coordinates": [
          -122.318123,
          47.5265198
        ]
      },
      "properties": {
        "alert_id": "1_96388",
        "stop_id": "31680",
        "stop_name": "S Cloverdale St & 12th Ave S",
        "alert_type": "Route Change",
        "status": "ongoing",
        "header": "Route 60 will be rerouted in the Georgetown area from Thu Oct 8 to Fri Oct 9 9:00 AM to 3:00 PM daily due to construction.",
        "description": "Affected stops:\r\nStop #32120 S Cloverdale St & 8th Ave S (EB)\r\nStop #32140 S Cloverdale St & 12th Ave S (EB)\r\nStop #32150 14th Ave S & S Cloverdale St (NB)\r\nStop #32160 16th Ave S & East Marginal Way S (NB)\r\nStop #79561 East Marginal Way S & 14th Ave S (NB)\r\nStop #45740 East Marginal Way S & Ellis Ave S (NB)\r\nStop #45751 East Marginal Way S & Corson Ave S (NB)\r\nStop #79569 East Marginal Way S & S Webster St (SB)\r\nStop #31660 16th Ave S & East Marginal Way S (SB)\r\nStop #31670 14th Ave S & S Cloverdale St (SB)\r\nStop #31680 S Cloverdale St & 12th Ave S (WB)\r\n\nGet on/off at:\r\nFor Route 60 to Broadway get on/off at:\r\nStop #32100 S Cloverdale St & 5th Ave S (EB)\r\nStop #49730 8th Ave S & S Cloverdale St (NB)\r\nStop #40871 Corson Ave S & S Willow St (NB)\r\n\nFor Route 60 to Westwood Village get on/off at:\r\nStop #46025 Ellis Ave S & S Myrtle St (SB)\r\nStop #31700 S Cloverdale St & 8th Ave S (WB)",
        "url": "https://tripplanner.kingcounty.gov/#/app/nextdepartures/routeheadway/full/60/N/"
      }
    },
    {
      "type": "Feature",
      "geometry": {
        "type": "Point",
        "coordinates": [
          -122.320854,
          47.5389175
        ]
      },
      "properties": {
        "alert_id": "1_96388",
        "stop_id": "45740",
        "stop_name": "East Marginal Way S & Ellis Ave S",
        "alert_type": "Route Change",
        "status": "ongoing",
        "header": "Route 60 will be rerouted in the Georgetown area from Thu Oct 8 to Fri Oct 9 9:00 AM to 3:00 PM daily due to construction.",
        "description": "Affected stops:\r\nStop #32120 S Cloverdale St & 8th Ave S (EB)\r\nStop #32140 S Cloverdale St & 12th Ave S (EB)\r\nStop #32150 14th Ave S & S Cloverdale St (NB)\r\nStop #32160 16th Ave S & East Marginal Way S (NB)\r\nStop #79561 East Marginal Way S & 14th Ave S (NB)\r\nStop #45740 East Marginal Way S & Ellis Ave S (NB)\r\nStop #45751 East Marginal Way S & Corson Ave S (NB)\r\nStop #79569 East Marginal Way S & S Webster St (SB)\r\nStop #31660 16th Ave S & East Marginal Way S (SB)\r\nStop #31670 14th Ave S & S Cloverdale St (SB)\r\nStop #31680 S Cloverdale St & 12th Ave S (WB)\r\n\nGet on/off at:\r\nFor Route 60 to Broadway get on/off at:\r\nStop #32100 S Cloverdale St & 5th Ave S (EB)\r\nStop #49730 8th Ave S & S Cloverdale St (NB)\r\nStop #40871 Corson Ave S & S Willow St (NB)\r\n\nFor Route 60 to Westwood Village get on/off at:\r\nStop #46025 Ellis Ave S & S Myrtle St (SB)\r\nStop #31700 S Cloverdale St & 8th Ave S (WB)",
        "url": "https://tripplanner.kingcounty.gov/#/app/nextdepartures/routeheadway/full/60/N/"
      }
    },
    {
      "type": "Feature",
      "geometry": {
        "type": "Point",
        "coordinates": [
          -122.313354,
          47.5334854
        ]
      },
      "properties": {
        "alert_id": "1_96388",
        "stop_id": "31660",
        "stop_name": "16th Ave S & East Marginal Way S",
        "alert_type": "Route Change",
        "status": "ongoing",
        "header": "Route 60 will be rerouted in the Georgetown area from Thu Oct 8 to Fri Oct 9 9:00 AM to 3:00 PM daily due to construction.",
        "description": "Affected stops:\r\nStop #32120 S Cloverdale St & 8th Ave S (EB)\r\nStop #32140 S Cloverdale St & 12th Ave S (EB)\r\nStop #32150 14th Ave S & S Cloverdale St (NB)\r\nStop #32160 16th Ave S & East Marginal Way S (NB)\r\nStop #79561 East Marginal Way S & 14th Ave S (NB)\r\nStop #45740 East Marginal Way S & Ellis Ave S (NB)\r\nStop #45751 East Marginal Way S & Corson Ave S (NB)\r\nStop #79569 East Marginal Way S & S Webster St (SB)\r\nStop #31660 16th Ave S & East Marginal Way S (SB)\r\nStop #31670 14th Ave S & S Cloverdale St (SB)\r\nStop #31680 S Cloverdale St & 12th Ave S (WB)\r\n\nGet on/off at:\r\nFor Route 60 to Broadway get on/off at:\r\nStop #32100 S Cloverdale St & 5th Ave S (EB)\r\nStop #49730 8th Ave S & S Cloverdale St (NB)\r\nStop #40871 Corson Ave S & S Willow St (NB)\r\n\nFor Route 60 to Westwood Village get on/off at:\r\nStop #46025 Ellis Ave S & S Myrtle St (SB)\r\nStop #31700 S Cloverdale St & 8th Ave S (WB)",
        "url": "https://tripplanner.kingcounty.gov/#/app/nextdepartures/routeheadway/full/60/N/"
      }
    },
    {
      "type": "Feature",
      "geometry": {
        "type": "Point",
        "coordinates": [
          -122.315063,
          47.5354919
        ]
      },
      "properties": {
        "alert_id": "1_96388",
        "stop_id": "79561",
        "stop_name": "East Marginal Way S & 14th Ave S",
        "alert_type": "Route Change",
        "status": "ongoing",
        "header": "Route 60 will be rerouted in the Georgetown area from Thu Oct 8 to Fri Oct 9 9:00 AM to 3:00 PM daily due to construction.",
        "description": "Affected stops:\r\nStop #32120 S Cloverdale St & 8th Ave S (EB)\r\nStop #32140 S Cloverdale St & 12th Ave S (EB)\r\nStop #32150 14th Ave S & S Cloverdale St (NB)\r\nStop #32160 16th Ave S & East Marginal Way S (NB)\r\nStop #79561 East Marginal Way S & 14th Ave S (NB)\r\nStop #45740 East Marginal Way S & Ellis Ave S (NB)\r\nStop #45751 East Marginal Way S & Corson Ave S (NB)\r\nStop #79569 East Marginal Way S & S Webster St (SB)\r\nStop #31660 16th Ave S & East Marginal Way S (SB)\r\nStop #31670 14th Ave S & S Cloverdale St (SB)\r\nStop #31680 S Cloverdale St & 12th Ave S (WB)\r\n\nGet on/off at:\r\nFor Route 60 to Broadway get on/off at:\r\nStop #32100 S Cloverdale St & 5th Ave S (EB)\r\nStop #49730 8th Ave S & S Cloverdale St (NB)\r\nStop #40871 Corson Ave S & S Willow St (NB)\r\n\nFor Route 60 to Westwood Village get on/off at:\r\nStop #46025 Ellis Ave S & S Myrtle St (SB)\r\nStop #31700 S Cloverdale St & 8th Ave S (WB)",
        "url": "https://tripplanner.kingcounty.gov/#/app/nextdepartures/routeheadway/full/60/N/"
      }
    },
    {
      "type": "Feature",
      "geometry": {
        "type": "Point",
        "coordinates": [
          -122.307777,
          47.4958572
        ]
      },
      "properties": {
        "alert_id": "1_95697",
        "stop_id": "49550",
        "stop_name": "S 120th St & Roseberg Ave S",
        "alert_type": "Stop Relocation",
        "status": "ongoing",
        "header": "Stop #49550 S 120th St & Roseberg Ave S (WB) relocated from Wed Sep 30 to Fri Jul 30, 2027 7:00 AM to 3:00 PM daily due to construction.",
        "description": "Affected routes:\r\n128\r\n132\r\n\nGet on/off at:\r\nStop #49540 S 120th St & 22nd Ave S (WB)\r\nThe temporary stop on S 120th St, just west of the closed stop (WB)",
        "url": "https://tripplanner.kingcounty.gov/#/app/nextdepartures/stoproutes/3675"
      }
    },
    {
      "type": "Feature",
      "geometry": {
        "type": "Point",
        "coordinates": [
          -122.307777,
          47.4958572
        ]
      },
      "properties": {
        "alert_id": "1_95697",
        "stop_id": "49550",
        "stop_name": "S 120th St & Roseberg Ave S",
        "alert_type": "Stop Relocation",
        "status": "ongoing",
        "header": "Stop #49550 S 120th St & Roseberg Ave S (WB) relocated from Wed Sep 30 to Fri Jul 30, 2027 7:00 AM to 3:00 PM daily due to construction.",
        "description": "Affected routes:\r\n128\r\n132\r\n\nGet on/off at:\r\nStop #49540 S 120th St & 22nd Ave S (WB)\r\nThe temporary stop on S 120th St, just west of the closed stop (WB)",
        "url": "https://tripplanner.kingcounty.gov/#/app/nextdepartures/stoproutes/3675"
      }
    },
    {
      "type": "Feature",
      "geometry": {
        "type": "Point",
        "coordinates": [
          -122.328384,
          47.5992661
        ]
      },
      "properties": {
        "alert_id": "1_96423",
        "stop_id": "1530",
        "stop_name": "S Jackson St & 5th Ave S",
        "alert_type": "Route Change",
        "status": "upcoming",
        "header": "Beginning Sat Oct 10, Route 62 to Sand Point will no longer serve stop #1530 S Jackson St & 5th Ave S (WB).",
        "description": "Affected stops:\r\nStop #1530 S Jackson St & 5th Ave S (WB)\r\n*All other service will continue to serve this bus stop as usual.\r\n\nGet on/off at:\r\nStop #531 3rd Ave & James St (NB)",
        "url": "https://tripplanner.kingcounty.gov/#/app/nextdepartures/stoproutes/899"
      }
    },
    {
      "type": "Feature",
      "geometry": {
        "type": "Point",
        "coordinates": [
          -122.209587,
          47.4726677
        ]
      },
      "properties": {
        "alert_id": "1_92342",
        "stop_id": "59841",
        "stop_name": "Sr 515 & South Grady Way",
        "alert_type": "Stop Closure",
        "status": "ongoing",
        "header": "Stop #59841 SR 515 & South Grady Way (WB) closed from Wed July 29 through Fri Oct 9 due to construction.",
        "description": "Affected routes:\r\n101\r\n102\r\n148\r\n153\r\n160\r\n\nGet on/off at:\r\nStop #59839 Lake Ave S & S Grady Way - Bay 4 (NB)\r\nStop #55938 South Renton P&R - Bay 2 (EB)\r\n\n\r\n*This is an update to a previous Alert.",
        "url": "https://tripplanner.kingcounty.gov/#/app/tripplanning"
      }
    },
    {
      "type": "Feature",
      "geometry": {
        "type": "Point",
        "coordinates": [
          -122.209587,
          47.4726677
        ]
      },
      "properties": {
        "alert_id": "1_92342",
        "stop_id": "59841",
        "stop_name": "Sr 515 & South Grady Way",
        "alert_type": "Stop Closure",
        "status": "ongoing",
        "header": "Stop #59841 SR 515 & South Grady Way (WB) closed from Wed July 29 through Fri Oct 9 due to construction.",
        "description": "Affected routes:\r\n101\r\n102\r\n148\r\n153\r\n160\r\n\nGet on/off at:\r\nStop #59839 Lake Ave S & S Grady Way - Bay 4 (NB)\r\nStop #55938 South Renton P&R - Bay 2 (EB)\r\n\n\r\n*This is an update to a previous Alert.",
        "url": "https://tripplanner.kingcounty.gov/#/app/tripplanning"
      }
    },
    {
      "type": "Feature",
      "geometry": {
        "type": "Point",
        "coordinates": [
          -122.209587,
          47.4726677
        ]
      },
      "properties": {
        "alert_id": "1_92342",
        "stop_id": "59841",
        "stop_name": "Sr 515 & South Grady Way",
        "alert_type": "Stop Closure",
        "status": "ongoing",
        "header": "Stop #59841 SR 515 & South Grady Way (WB) closed from Wed July 29 through Fri Oct 9 due to construction.",
        "description": "Affected routes:\r\n101\r\n102\r\n148\r\n153\r\n160\r\n\nGet on/off at:\r\nStop #59839 Lake Ave S & S Grady Way - Bay 4 (NB)\r\nStop #55938 South Renton P&R - Bay 2 (EB)\r\n\n\r\n*This is an update to a previous Alert.",
        "url": "https://tripplanner.kingcounty.gov/#/app/tripplanning"
      }
    },
    {
      "type": "Feature",
      "geometry": {
        "type": "Point",
        "coordinates": [
          -122.209587,
          47.4726677
        ]
      },
      "properties": {
        "alert_id": "1_92342",
        "stop_id": "59841",
        "stop_name": "Sr 515 & South Grady Way",
        "alert_type": "Stop Closure",
        "status": "ongoing",
        "header": "Stop #59841 SR 515 & South Grady Way (WB) closed from Wed July 29 through Fri Oct 9 due to construction.",
        "description": "Affected routes:\r\n101\r\n102\r\n148\r\n153\r\n160\r\n\nGet on/off at:\r\nStop #59839 Lake Ave S & S Grady Way - Bay 4 (NB)\r\nStop #55938 South Renton P&R - Bay 2 (EB)\r\n\n\r\n*This is an update to a previous Alert.",
        "url": "https://tripplanner.kingcounty.gov/#/app/tripplanning"
      }
    },
    {
      "type": "Feature",
      "geometry": {
        "type": "Point",
        "coordinates": [
          -122.209587,
          47.4726677
        ]
      },
      "properties": {
        "alert_id": "1_92342",
        "stop_id": "59841",
        "stop_name": "Sr 515 & South Grady Way",
        "alert_type": "Stop Closure",
        "status": "ongoing",
        "header": "Stop #59841 SR 515 & South Grady Way (WB) closed from Wed July 29 through Fri Oct 9 due to construction.",
        "description": "Affected routes:\r\n101\r\n102\r\n148\r\n153\r\n160\r\n\nGet on/off at:\r\nStop #59839 Lake Ave S & S Grady Way - Bay 4 (NB)\r\nStop #55938 South Renton P&R - Bay 2 (EB)\r\n\n\r\n*This is an update to a previous Alert.",
        "url": "https://tripplanner.kingcounty.gov/#/app/tripplanning"
      }
    },
    {
      "type": "Feature",
      "geometry": {
        "type": "Point",
        "coordinates": [
          -122.366508,
          47.7658157
        ]
      },
      "properties": {
        "alert_id": "1_93035",
        "stop_id": "74885",
        "stop_name": "8th Ave NW & NW Richmond Beach Rd",
        "alert_type": "Stop Closure",
        "status": "ongoing",
        "header": "Stop #74885 8th Ave NW & NW Richmond Beach Rd (NB) closed from Wed Aug 12 through Thu Dec 31 due to construction.",
        "description": "Affected routes:\r\n348\r\n\nFor Route 348 to Hillwood Park get off at:\r\nStop #75565 NW Richmond Beach Rd & 8th Ave NW (WB)\r\n\nFor Route 348 to Northgate get on at:\r\nStop #74886 8th Ave NW & NW 195th St (NB)\r\nStop #75000 NW Richmond Beach Rd & 8th Ave NW (EB)",
        "url": "https://tripplanner.kingcounty.gov/#/app/nextdepartures/stoproutes/77520"
      }
    }
  ]
}